cnn,train,noise,label,epoch,loss,accuracy
fashion,20000,0,2,1,0.0537,0.987
fashion,20000,0,2,2,0.0106,0.998
fashion,20000,0,2,3,0.004,1
fashion,20000,0,2,4,0.0011,1
fashion,20000,0,2,5,8.62E-04,1
fashion,20000,0,2,6,2.33E-04,1
fashion,20000,0,2,7,6.21E-04,1
fashion,20000,0,2,8,1.44E-04,1
fashion,20000,0,2,9,2.20E-04,1
fashion,20000,0,2,10,8.82E-05,1
fashion,20000,0,2,11,2.71E-05,1
fashion,20000,0,2,12,7.41E-05,1
fashion,20000,0,2,13,1.57E-05,1
fashion,20000,0,2,14,4.92E-05,1
fashion,20000,0,2,15,8.32E-06,1
fashion,20000,0,2,16,2.60E-06,1
fashion,20000,0,2,17,1.37E-06,1
fashion,20000,0,2,18,6.87E-07,1
fashion,20000,0,2,19,5.62E-06,1
fashion,20000,0,2,20,1.29E-06,1
fashion,20000,0,3,1,0.5736,0.705
fashion,20000,0,3,2,0.1917,0.941
fashion,20000,0,3,3,0.05,0.986
fashion,20000,0,3,4,0.0216,0.998
fashion,20000,0,3,5,0.0175,0.998
fashion,20000,0,3,6,0.0121,0.998
fashion,20000,0,3,7,0.007,1
fashion,20000,0,3,8,0.005,1
fashion,20000,0,3,9,0.0076,0.999
fashion,20000,0,3,10,0.0025,1
fashion,20000,0,3,11,0.0021,1
fashion,20000,0,3,12,0.0013,1
fashion,20000,0,3,13,0.0026,0.999
fashion,20000,0,3,14,0.002,1
fashion,20000,0,3,15,0.0013,1
fashion,20000,0,3,16,0.0011,1
fashion,20000,0,3,17,0.0013,1
fashion,20000,0,3,18,0.0016,0.999
fashion,20000,0,3,19,9.10E-04,1
fashion,20000,0,3,20,9.82E-04,1
fashion,20000,0,4,1,0.8996,0.585
fashion,20000,0,4,2,0.5669,0.749
fashion,20000,0,4,3,0.2606,0.919
fashion,20000,0,4,4,0.1685,0.945
fashion,20000,0,4,5,0.1181,0.961
fashion,20000,0,4,6,0.0888,0.971
fashion,20000,0,4,7,0.062,0.979
fashion,20000,0,4,8,0.0463,0.985
fashion,20000,0,4,9,0.0416,0.99
fashion,20000,0,4,10,0.0356,0.988
fashion,20000,0,4,11,0.0367,0.992
fashion,20000,0,4,12,0.0336,0.987
fashion,20000,0,4,13,0.0252,0.989
fashion,20000,0,4,14,0.0155,0.995
fashion,20000,0,4,15,0.0246,0.991
fashion,20000,0,4,16,0.022,0.994
fashion,20000,0,4,17,0.0193,0.995
fashion,20000,0,4,18,0.0154,0.992
fashion,20000,0,4,19,0.0102,0.997
fashion,20000,0,4,20,0.0106,0.996
fashion,20000,0,5,1,1.2263,0.44
fashion,20000,0,5,2,0.9693,0.577
fashion,20000,0,5,3,0.5817,0.765
fashion,20000,0,5,4,0.4285,0.85
fashion,20000,0,5,5,0.3361,0.897
fashion,20000,0,5,6,0.2508,0.919
fashion,20000,0,5,7,0.217,0.923
fashion,20000,0,5,8,0.1952,0.946
fashion,20000,0,5,9,0.1516,0.954
fashion,20000,0,5,10,0.1264,0.965
fashion,20000,0,5,11,0.1172,0.964
fashion,20000,0,5,12,0.1095,0.969
fashion,20000,0,5,13,0.0913,0.975
fashion,20000,0,5,14,0.0957,0.973
fashion,20000,0,5,15,0.0886,0.971
fashion,20000,0,5,16,0.0751,0.974
fashion,20000,0,5,17,0.0752,0.974
fashion,20000,0,5,18,0.0726,0.978
fashion,20000,0,5,19,0.0632,0.977
fashion,20000,0,5,20,0.0677,0.972
fashion,20000,1,2,1,0.0613,0.979
fashion,20000,1,2,2,0.0043,1
fashion,20000,1,2,3,0.0015,1
fashion,20000,1,2,4,0.0021,1
fashion,20000,1,2,5,1.02E-04,1
fashion,20000,1,2,6,1.28E-04,1
fashion,20000,1,2,7,5.10E-05,1
fashion,20000,1,2,8,5.48E-05,1
fashion,20000,1,2,9,5.57E-05,1
fashion,20000,1,2,10,1.86E-05,1
fashion,20000,1,2,11,2.25E-05,1
fashion,20000,1,2,12,3.05E-05,1
fashion,20000,1,2,13,8.93E-06,1
fashion,20000,1,2,14,3.51E-06,1
fashion,20000,1,2,15,2.84E-06,1
fashion,20000,1,2,16,3.76E-06,1
fashion,20000,1,2,17,7.57E-06,1
fashion,20000,1,2,18,4.34E-07,1
fashion,20000,1,2,19,1.69E-06,1
fashion,20000,1,2,20,2.60E-07,1
fashion,20000,1,3,1,0.6121,0.679
fashion,20000,1,3,2,0.3499,0.875
fashion,20000,1,3,3,0.1153,0.967
fashion,20000,1,3,4,0.0646,0.981
fashion,20000,1,3,5,0.0248,0.995
fashion,20000,1,3,6,0.014,0.996
fashion,20000,1,3,7,0.0105,0.997
fashion,20000,1,3,8,0.0084,0.997
fashion,20000,1,3,9,0.0081,0.997
fashion,20000,1,3,10,0.0073,0.997
fashion,20000,1,3,11,0.0049,0.998
fashion,20000,1,3,12,0.0078,0.994
fashion,20000,1,3,13,0.0046,0.998
fashion,20000,1,3,14,0.0039,0.998
fashion,20000,1,3,15,0.0027,0.998
fashion,20000,1,3,16,0.0015,1
fashion,20000,1,3,17,0.0039,0.997
fashion,20000,1,3,18,0.0021,0.998
fashion,20000,1,3,19,0.0026,0.998
fashion,20000,1,3,20,0.0038,0.998
fashion,20000,1,4,1,0.9909,0.506
fashion,20000,1,4,2,0.7118,0.698
fashion,20000,1,4,3,0.2502,0.915
fashion,20000,1,4,4,0.1525,0.946
fashion,20000,1,4,5,0.0819,0.981
fashion,20000,1,4,6,0.0695,0.983
fashion,20000,1,4,7,0.045,0.99
fashion,20000,1,4,8,0.0402,0.99
fashion,20000,1,4,9,0.0443,0.986
fashion,20000,1,4,10,0.035,0.988
fashion,20000,1,4,11,0.0365,0.987
fashion,20000,1,4,12,0.0269,0.992
fashion,20000,1,4,13,0.0235,0.993
fashion,20000,1,4,14,0.0208,0.993
fashion,20000,1,4,15,0.022,0.994
fashion,20000,1,4,16,0.0188,0.996
fashion,20000,1,4,17,0.0191,0.995
fashion,20000,1,4,18,0.0219,0.994
fashion,20000,1,4,19,0.0213,0.994
fashion,20000,1,4,20,0.0217,0.995
fashion,20000,1,5,1,1.2441,0.428
fashion,20000,1,5,2,1.0329,0.534
fashion,20000,1,5,3,0.6415,0.754
fashion,20000,1,5,4,0.4528,0.842
fashion,20000,1,5,5,0.3325,0.891
fashion,20000,1,5,6,0.2598,0.917
fashion,20000,1,5,7,0.2109,0.941
fashion,20000,1,5,8,0.1748,0.944
fashion,20000,1,5,9,0.1323,0.955
fashion,20000,1,5,10,0.1171,0.957
fashion,20000,1,5,11,0.0986,0.97
fashion,20000,1,5,12,0.0815,0.973
fashion,20000,1,5,13,0.0788,0.979
fashion,20000,1,5,14,0.0663,0.98
fashion,20000,1,5,15,0.0599,0.985
fashion,20000,1,5,16,0.0617,0.975
fashion,20000,1,5,17,0.0515,0.986
fashion,20000,1,5,18,0.0539,0.988
fashion,20000,1,5,19,0.0515,0.981
fashion,20000,1,5,20,0.0483,0.982
fashion,20000,2,2,1,0.0399,0.995
fashion,20000,2,2,2,0.0046,1
fashion,20000,2,2,3,0.0043,1
fashion,20000,2,2,4,0.0017,1
fashion,20000,2,2,5,2.38E-04,1
fashion,20000,2,2,6,9.14E-05,1
fashion,20000,2,2,7,7.62E-05,1
fashion,20000,2,2,8,2.14E-04,1
fashion,20000,2,2,9,2.99E-05,1
fashion,20000,2,2,10,7.79E-05,1
fashion,20000,2,2,11,6.95E-05,1
fashion,20000,2,2,12,6.20E-05,1
fashion,20000,2,2,13,1.51E-04,1
fashion,20000,2,2,14,4.24E-05,1
fashion,20000,2,2,15,4.41E-05,1
fashion,20000,2,2,16,2.60E-05,1
fashion,20000,2,2,17,1.24E-05,1
fashion,20000,2,2,18,5.57E-06,1
fashion,20000,2,2,19,7.98E-07,1
fashion,20000,2,2,20,1.80E-06,1
fashion,20000,2,3,1,0.5524,0.726
fashion,20000,2,3,2,0.265,0.908
fashion,20000,2,3,3,0.0908,0.971
fashion,20000,2,3,4,0.0433,0.989
fashion,20000,2,3,5,0.0269,0.994
fashion,20000,2,3,6,0.0154,0.997
fashion,20000,2,3,7,0.0147,0.995
fashion,20000,2,3,8,0.0072,0.998
fashion,20000,2,3,9,0.0054,1
fashion,20000,2,3,10,0.0034,1
fashion,20000,2,3,11,0.0022,1
fashion,20000,2,3,12,0.006,0.998
fashion,20000,2,3,13,0.002,1
fashion,20000,2,3,14,0.0021,1
fashion,20000,2,3,15,0.0016,0.999
fashion,20000,2,3,16,7.05E-04,1
fashion,20000,2,3,17,0.0018,0.999
fashion,20000,2,3,18,7.63E-04,1
fashion,20000,2,3,19,0.0012,1
fashion,20000,2,3,20,0.0011,1
fashion,20000,2,4,1,0.9295,0.558
fashion,20000,2,4,2,0.649,0.715
fashion,20000,2,4,3,0.3505,0.859
fashion,20000,2,4,4,0.1642,0.944
fashion,20000,2,4,5,0.1005,0.97
fashion,20000,2,4,6,0.0671,0.979
fashion,20000,2,4,7,0.0479,0.986
fashion,20000,2,4,8,0.0368,0.989
fashion,20000,2,4,9,0.0322,0.992
fashion,20000,2,4,10,0.0246,0.994
fashion,20000,2,4,11,0.0276,0.991
fashion,20000,2,4,12,0.023,0.995
fashion,20000,2,4,13,0.0231,0.995
fashion,20000,2,4,14,0.0201,0.992
fashion,20000,2,4,15,0.0154,0.994
fashion,20000,2,4,16,0.0173,0.994
fashion,20000,2,4,17,0.0138,0.996
fashion,20000,2,4,18,0.0138,0.996
fashion,20000,2,4,19,0.0116,0.996
fashion,20000,2,4,20,0.0104,0.996
fashion,20000,2,5,1,1.2164,0.44
fashion,20000,2,5,2,0.9695,0.556
fashion,20000,2,5,3,0.7314,0.674
fashion,20000,2,5,4,0.5295,0.762
fashion,20000,2,5,5,0.4184,0.814
fashion,20000,2,5,6,0.314,0.895
fashion,20000,2,5,7,0.2398,0.934
fashion,20000,2,5,8,0.1975,0.941
fashion,20000,2,5,9,0.1666,0.962
fashion,20000,2,5,10,0.1315,0.97
fashion,20000,2,5,11,0.1121,0.972
fashion,20000,2,5,12,0.0975,0.976
fashion,20000,2,5,13,0.0854,0.982
fashion,20000,2,5,14,0.0816,0.982
fashion,20000,2,5,15,0.0705,0.978
fashion,20000,2,5,16,0.0692,0.98
fashion,20000,2,5,17,0.0548,0.988
fashion,20000,2,5,18,0.056,0.987
fashion,20000,2,5,19,0.056,0.986
fashion,20000,2,5,20,0.046,0.988
fashion,40000,0,2,1,0.0093,0.999
fashion,40000,0,2,2,8.12E-04,1
fashion,40000,0,2,3,1.35E-04,1
fashion,40000,0,2,4,1.80E-04,1
fashion,40000,0,2,5,1.84E-05,1
fashion,40000,0,2,6,9.94E-06,1
fashion,40000,0,2,7,2.66E-06,1
fashion,40000,0,2,8,4.32E-06,1
fashion,40000,0,2,9,1.46E-06,1
fashion,40000,0,2,10,2.38E-07,1
fashion,40000,0,2,11,2.80E-07,1
fashion,40000,0,2,12,2.70E-07,1
fashion,40000,0,2,13,3.77E-08,1
fashion,40000,0,2,14,7.88E-07,1
fashion,40000,0,2,15,2.61E-07,1
fashion,40000,0,2,16,5.06E-07,1
fashion,40000,0,2,17,3.33E-07,1
fashion,40000,0,2,18,1.48E-08,1
fashion,40000,0,2,19,1.71E-08,1
fashion,40000,0,2,20,1.52E-06,1
fashion,40000,0,3,1,0.225,0.9285
fashion,40000,0,3,2,0.0278,0.995
fashion,40000,0,3,3,0.0082,0.9975
fashion,40000,0,3,4,0.006,0.9975
fashion,40000,0,3,5,0.0046,0.999
fashion,40000,0,3,6,0.0032,0.999
fashion,40000,0,3,7,0.0039,0.999
fashion,40000,0,3,8,0.0023,0.9995
fashion,40000,0,3,9,0.0011,1
fashion,40000,0,3,10,6.23E-04,1
fashion,40000,0,3,11,6.00E-04,1
fashion,40000,0,3,12,7.04E-04,1
fashion,40000,0,3,13,8.26E-04,1
fashion,40000,0,3,14,3.70E-04,1
fashion,40000,0,3,15,2.70E-04,1
fashion,40000,0,3,16,2.39E-04,1
fashion,40000,0,3,17,2.12E-04,1
fashion,40000,0,3,18,1.50E-04,1
fashion,40000,0,3,19,2.09E-04,1
fashion,40000,0,3,20,7.59E-05,1
fashion,40000,0,4,1,0.5264,0.8095
fashion,40000,0,4,2,0.1569,0.9475
fashion,40000,0,4,3,0.066,0.986
fashion,40000,0,4,4,0.0486,0.9855
fashion,40000,0,4,5,0.0324,0.991
fashion,40000,0,4,6,0.0267,0.993
fashion,40000,0,4,7,0.0175,0.996
fashion,40000,0,4,8,0.019,0.994
fashion,40000,0,4,9,0.0157,0.9935
fashion,40000,0,4,10,0.0139,0.9965
fashion,40000,0,4,11,0.0129,0.9965
fashion,40000,0,4,12,0.0135,0.997
fashion,40000,0,4,13,0.0136,0.996
fashion,40000,0,4,14,0.0136,0.9965
fashion,40000,0,4,15,0.011,0.997
fashion,40000,0,4,16,0.0105,0.997
fashion,40000,0,4,17,0.0098,0.9975
fashion,40000,0,4,18,0.0097,0.997
fashion,40000,0,4,19,0.0095,0.9975
fashion,40000,0,4,20,0.008,0.997
fashion,40000,0,5,1,1.2263,0.44
fashion,40000,0,5,2,0.9693,0.577
fashion,40000,0,5,3,0.5817,0.765
fashion,40000,0,5,4,0.4285,0.85
fashion,40000,0,5,5,0.3361,0.897
fashion,40000,0,5,6,0.2508,0.919
fashion,40000,0,5,7,0.217,0.923
fashion,40000,0,5,8,0.1952,0.946
fashion,40000,0,5,9,0.1516,0.954
fashion,40000,0,5,10,0.1264,0.965
fashion,40000,0,5,11,0.1172,0.964
fashion,40000,0,5,12,0.1095,0.969
fashion,40000,0,5,13,0.0913,0.975
fashion,40000,0,5,14,0.0957,0.973
fashion,40000,0,5,15,0.0886,0.971
fashion,40000,0,5,16,0.0751,0.974
fashion,40000,0,5,17,0.0752,0.974
fashion,40000,0,5,18,0.0726,0.978
fashion,40000,0,5,19,0.0632,0.977
fashion,40000,0,5,20,0.0677,0.972
fashion,40000,1,2,1,0.0613,0.979
fashion,40000,1,2,2,0.0043,1
fashion,40000,1,2,3,0.0015,1
fashion,40000,1,2,4,0.0021,1
fashion,40000,1,2,5,1.02E-04,1
fashion,40000,1,2,6,1.28E-04,1
fashion,40000,1,2,7,5.10E-05,1
fashion,40000,1,2,8,5.48E-05,1
fashion,40000,1,2,9,5.57E-05,1
fashion,40000,1,2,10,1.86E-05,1
fashion,40000,1,2,11,2.25E-05,1
fashion,40000,1,2,12,3.05E-05,1
fashion,40000,1,2,13,8.93E-06,1
fashion,40000,1,2,14,3.51E-06,1
fashion,40000,1,2,15,2.84E-06,1
fashion,40000,1,2,16,3.76E-06,1
fashion,40000,1,2,17,7.57E-06,1
fashion,40000,1,2,18,4.34E-07,1
fashion,40000,1,2,19,1.69E-06,1
fashion,40000,1,2,20,2.60E-07,1
fashion,40000,1,3,1,0.1648,0.949
fashion,40000,1,3,2,0.0206,0.9955
fashion,40000,1,3,3,0.0089,0.997
fashion,40000,1,3,4,0.0054,0.9985
fashion,40000,1,3,5,0.0031,1
fashion,40000,1,3,6,0.0037,0.999
fashion,40000,1,3,7,0.0029,0.9985
fashion,40000,1,3,8,0.0014,1
fashion,40000,1,3,9,0.0015,0.999
fashion,40000,1,3,10,9.25E-04,1
fashion,40000,1,3,11,9.39E-04,1
fashion,40000,1,3,12,5.69E-04,1
fashion,40000,1,3,13,9.38E-04,1
fashion,40000,1,3,14,4.88E-04,1
fashion,40000,1,3,15,6.33E-04,0.9995
fashion,40000,1,3,16,1.92E-04,1
fashion,40000,1,3,17,3.70E-04,1
fashion,40000,1,3,18,4.91E-04,1
fashion,40000,1,3,19,9.64E-05,1
fashion,40000,1,3,20,1.84E-04,1
fashion,40000,1,4,1,0.5635,0.7575
fashion,40000,1,4,2,0.1896,0.9325
fashion,40000,1,4,3,0.0909,0.9765
fashion,40000,1,4,4,0.0502,0.987
fashion,40000,1,4,5,0.0327,0.9925
fashion,40000,1,4,6,0.0191,0.9955
fashion,40000,1,4,7,0.0128,0.9965
fashion,40000,1,4,8,0.0108,0.997
fashion,40000,1,4,9,0.0083,0.9975
fashion,40000,1,4,10,0.0092,0.9975
fashion,40000,1,4,11,0.0064,0.9985
fashion,40000,1,4,12,0.0036,0.999
fashion,40000,1,4,13,0.0033,0.9995
fashion,40000,1,4,14,0.0047,0.9985
fashion,40000,1,4,15,0.0037,0.9995
fashion,40000,1,4,16,0.0026,0.999
fashion,40000,1,4,17,0.0022,0.999
fashion,40000,1,4,18,0.0031,0.9995
fashion,40000,1,4,19,0.0049,0.9985
fashion,40000,1,4,20,0.0033,0.999
fashion,40000,1,5,1,0.8935,0.5985
fashion,40000,1,5,2,0.4163,0.849
fashion,40000,1,5,3,0.2385,0.9315
fashion,40000,1,5,4,0.154,0.956
fashion,40000,1,5,5,0.1038,0.972
fashion,40000,1,5,6,0.0881,0.9775
fashion,40000,1,5,7,0.0587,0.9855
fashion,40000,1,5,8,0.0529,0.987
fashion,40000,1,5,9,0.0401,0.9895
fashion,40000,1,5,10,0.0436,0.9895
fashion,40000,1,5,11,0.0429,0.988
fashion,40000,1,5,12,0.0345,0.9895
fashion,40000,1,5,13,0.0367,0.988
fashion,40000,1,5,14,0.0313,0.992
fashion,40000,1,5,15,0.0299,0.9895
fashion,40000,1,5,16,0.0302,0.9885
fashion,40000,1,5,17,0.0297,0.99
fashion,40000,1,5,18,0.0279,0.989
fashion,40000,1,5,19,0.0327,0.9875
fashion,40000,1,5,20,0.0273,0.99
fashion,40000,2,2,1,0.0236,0.9935
fashion,40000,2,2,2,0.001,1
fashion,40000,2,2,3,2.51E-04,1
fashion,40000,2,2,4,9.75E-05,1
fashion,40000,2,2,5,3.11E-05,1
fashion,40000,2,2,6,2.26E-05,1
fashion,40000,2,2,7,2.33E-05,1
fashion,40000,2,2,8,6.08E-06,1
fashion,40000,2,2,9,8.16E-07,1
fashion,40000,2,2,10,2.50E-07,1
fashion,40000,2,2,11,7.56E-08,1
fashion,40000,2,2,12,7.69E-06,1
fashion,40000,2,2,13,7.52E-08,1
fashion,40000,2,2,14,2.02E-08,1
fashion,40000,2,2,15,5.35E-08,1
fashion,40000,2,2,16,2.37E-08,1
fashion,40000,2,2,17,1.97E-07,1
fashion,40000,2,2,18,1.26E-08,1
fashion,40000,2,2,19,7.62E-06,1
fashion,40000,2,2,20,2.08E-05,1
fashion,40000,2,3,1,0.2888,0.9015
fashion,40000,2,3,2,0.0271,0.994
fashion,40000,2,3,3,0.0114,0.9975
fashion,40000,2,3,4,0.007,0.998
fashion,40000,2,3,5,0.0051,0.9985
fashion,40000,2,3,6,0.003,1
fashion,40000,2,3,7,0.0018,0.9995
fashion,40000,2,3,8,0.0019,0.999
fashion,40000,2,3,9,9.30E-04,0.9995
fashion,40000,2,3,10,7.96E-04,0.9995
fashion,40000,2,3,11,0.0017,0.9995
fashion,40000,2,3,12,2.65E-04,1
fashion,40000,2,3,13,1.29E-04,1
fashion,40000,2,3,14,8.42E-05,1
fashion,40000,2,3,15,1.51E-04,1
fashion,40000,2,3,16,2.63E-04,1
fashion,40000,2,3,17,2.75E-04,1
fashion,40000,2,3,18,3.48E-04,1
fashion,40000,2,3,19,2.50E-04,1
fashion,40000,2,3,20,9.31E-05,1
fashion,40000,2,4,1,0.5267,0.765
fashion,40000,2,4,2,0.1579,0.949
fashion,40000,2,4,3,0.0677,0.9805
fashion,40000,2,4,4,0.0432,0.9895
fashion,40000,2,4,5,0.0301,0.9905
fashion,40000,2,4,6,0.0207,0.9945
fashion,40000,2,4,7,0.0168,0.9935
fashion,40000,2,4,8,0.0148,0.996
fashion,40000,2,4,9,0.0124,0.9955
fashion,40000,2,4,10,0.0111,0.9975
fashion,40000,2,4,11,0.0062,0.999
fashion,40000,2,4,12,0.006,0.9995
fashion,40000,2,4,13,0.0054,0.998
fashion,40000,2,4,14,0.0067,0.997
fashion,40000,2,4,15,0.0048,0.998
fashion,40000,2,4,16,0.0049,0.998
fashion,40000,2,4,17,0.0029,0.999
fashion,40000,2,4,18,0.0053,0.9975
fashion,40000,2,4,19,0.0053,0.9985
fashion,40000,2,4,20,0.0047,0.9975
fashion,40000,2,5,1,0.7261,0.7045
fashion,40000,2,5,2,0.322,0.895
fashion,40000,2,5,3,0.1833,0.9595
fashion,40000,2,5,4,0.1253,0.9635
fashion,40000,2,5,5,0.0899,0.974
fashion,40000,2,5,6,0.0745,0.98
fashion,40000,2,5,7,0.0545,0.985
fashion,40000,2,5,8,0.0482,0.986
fashion,40000,2,5,9,0.0428,0.987
fashion,40000,2,5,10,0.0408,0.9865
fashion,40000,2,5,11,0.0385,0.9885
fashion,40000,2,5,12,0.0344,0.9905
fashion,40000,2,5,13,0.038,0.9865
fashion,40000,2,5,14,0.0298,0.9905
fashion,40000,2,5,15,0.0274,0.9915
fashion,40000,2,5,16,0.0303,0.9895
fashion,40000,2,5,17,0.0289,0.99
fashion,40000,2,5,18,0.0284,0.993
fashion,40000,2,5,19,0.0275,0.9925
fashion,40000,2,5,20,0.0218,0.9935
fashion,60000,0,2,1,0.0092,0.997
fashion,60000,0,2,2,4.26E-04,1
fashion,60000,0,2,3,5.19E-05,1
fashion,60000,0,2,4,4.35E-06,1
fashion,60000,0,2,5,3.22E-06,1
fashion,60000,0,2,6,1.62E-05,1
fashion,60000,0,2,7,7.24E-07,1
fashion,60000,0,2,8,6.38E-07,1
fashion,60000,0,2,9,1.49E-05,1
fashion,60000,0,2,10,1.93E-07,1
fashion,60000,0,2,11,1.49E-07,1
fashion,60000,0,2,12,2.51E-07,1
fashion,60000,0,2,13,1.47E-07,1
fashion,60000,0,2,14,4.39E-07,1
fashion,60000,0,2,15,2.50E-07,1
fashion,60000,0,2,16,7.95E-10,1
fashion,60000,0,2,17,1.51E-09,1
fashion,60000,0,2,18,8.34E-10,1
fashion,60000,0,2,19,1.75E-09,1
fashion,60000,0,2,20,5.96E-10,1
fashion,60000,0,3,1,0.0648,0.985
fashion,60000,0,3,2,0.0106,0.9973
fashion,60000,0,3,3,0.0041,0.9993
fashion,60000,0,3,4,0.0021,0.9997
fashion,60000,0,3,5,0.0014,0.9997
fashion,60000,0,3,6,9.28E-04,0.9997
fashion,60000,0,3,7,0.001,1
fashion,60000,0,3,8,4.80E-04,1
fashion,60000,0,3,9,6.55E-04,1
fashion,60000,0,3,10,5.62E-04,1
fashion,60000,0,3,11,7.28E-04,1
fashion,60000,0,3,12,5.78E-04,0.9997
fashion,60000,0,3,13,9.90E-04,0.9997
fashion,60000,0,3,14,9.19E-04,0.9993
fashion,60000,0,3,15,8.17E-04,0.9993
fashion,60000,0,3,16,3.94E-04,1
fashion,60000,0,3,17,0.0015,0.999
fashion,60000,0,3,18,4.87E-04,0.9997
fashion,60000,0,3,19,0.0013,0.9997
fashion,60000,0,3,20,6.13E-04,0.9997
fashion,60000,0,4,1,0.2842,0.8897
fashion,60000,0,4,2,0.0779,0.9767
fashion,60000,0,4,3,0.0259,0.9943
fashion,60000,0,4,4,0.0153,0.9963
fashion,60000,0,4,5,0.0106,0.997
fashion,60000,0,4,6,0.0062,0.9977
fashion,60000,0,4,7,0.0042,0.998
fashion,60000,0,4,8,0.0047,0.9987
fashion,60000,0,4,9,0.0021,0.9993
fashion,60000,0,4,10,0.0022,0.999
fashion,60000,0,4,11,0.0032,0.999
fashion,60000,0,4,12,0.0025,0.999
fashion,60000,0,4,13,0.002,0.9993
fashion,60000,0,4,14,0.0017,0.9997
fashion,60000,0,4,15,0.0017,0.9993
fashion,60000,0,4,16,0.0014,0.9993
fashion,60000,0,4,17,0.0012,0.9997
fashion,60000,0,4,18,6.46E-04,1
fashion,60000,0,4,19,0.0012,0.9993
fashion,60000,0,4,20,0.0022,0.9997
fashion,60000,0,5,1,0.5971,0.7653
fashion,60000,0,5,2,0.2326,0.9337
fashion,60000,0,5,3,0.122,0.9687
fashion,60000,0,5,4,0.0858,0.9793
fashion,60000,0,5,5,0.0545,0.9863
fashion,60000,0,5,6,0.047,0.9887
fashion,60000,0,5,7,0.0409,0.9913
fashion,60000,0,5,8,0.0349,0.9927
fashion,60000,0,5,9,0.0308,0.992
fashion,60000,0,5,10,0.0331,0.99
fashion,60000,0,5,11,0.031,0.9923
fashion,60000,0,5,12,0.0285,0.9927
fashion,60000,0,5,13,0.0247,0.9927
fashion,60000,0,5,14,0.0227,0.9943
fashion,60000,0,5,15,0.0233,0.992
fashion,60000,0,5,16,0.0241,0.993
fashion,60000,0,5,17,0.0248,0.993
fashion,60000,0,5,18,0.0202,0.9943
fashion,60000,0,5,19,0.0184,0.995
fashion,60000,0,5,20,0.0201,0.9937
fashion,60000,1,2,1,0.003,0.9997
fashion,60000,1,2,2,9.49E-05,1
fashion,60000,1,2,3,1.01E-05,1
fashion,60000,1,2,4,9.52E-06,1
fashion,60000,1,2,5,5.09E-06,1
fashion,60000,1,2,6,1.07E-06,1
fashion,60000,1,2,7,1.60E-07,1
fashion,60000,1,2,8,8.77E-07,1
fashion,60000,1,2,9,4.47E-08,1
fashion,60000,1,2,10,3.70E-09,1
fashion,60000,1,2,11,1.73E-07,1
fashion,60000,1,2,12,9.93E-10,1
fashion,60000,1,2,13,6.36E-10,1
fashion,60000,1,2,14,1.71E-09,1
fashion,60000,1,2,15,1.19E-10,1
fashion,60000,1,2,16,7.15E-10,1
fashion,60000,1,2,17,5.40E-09,1
fashion,60000,1,2,18,3.97E-11,1
fashion,60000,1,2,19,0.00E+00,1
fashion,60000,1,2,20,0.00E+00,1
fashion,60000,1,3,1,0.044,0.9917
fashion,60000,1,3,2,0.006,0.9997
fashion,60000,1,3,3,0.0036,0.9993
fashion,60000,1,3,4,0.0015,0.9997
fashion,60000,1,3,5,0.0014,0.9997
fashion,60000,1,3,6,6.16E-04,1
fashion,60000,1,3,7,3.00E-04,1
fashion,60000,1,3,8,2.73E-04,1
fashion,60000,1,3,9,1.69E-04,1
fashion,60000,1,3,10,9.15E-05,1
fashion,60000,1,3,11,5.66E-05,1
fashion,60000,1,3,12,7.40E-05,1
fashion,60000,1,3,13,6.66E-05,1
fashion,60000,1,3,14,4.60E-05,1
fashion,60000,1,3,15,8.23E-06,1
fashion,60000,1,3,16,1.15E-05,1
fashion,60000,1,3,17,5.93E-06,1
fashion,60000,1,3,18,1.48E-04,1
fashion,60000,1,3,19,5.89E-06,1
fashion,60000,1,3,20,2.05E-05,1
fashion,60000,1,4,1,0.3472,0.8807
fashion,60000,1,4,2,0.0865,0.976
fashion,60000,1,4,3,0.0429,0.989
fashion,60000,1,4,4,0.0322,0.992
fashion,60000,1,4,5,0.0181,0.997
fashion,60000,1,4,6,0.0114,0.997
fashion,60000,1,4,7,0.0098,0.998
fashion,60000,1,4,8,0.0078,0.9977
fashion,60000,1,4,9,0.006,0.998
fashion,60000,1,4,10,0.0059,0.9983
fashion,60000,1,4,11,0.0026,0.9993
fashion,60000,1,4,12,0.0035,0.9987
fashion,60000,1,4,13,0.0016,0.9997
fashion,60000,1,4,14,0.0038,0.9987
fashion,60000,1,4,15,0.0039,0.9987
fashion,60000,1,4,16,0.0036,0.9987
fashion,60000,1,4,17,0.0036,0.9987
fashion,60000,1,4,18,0.0029,0.9987
fashion,60000,1,4,19,0.0043,0.9987
fashion,60000,1,4,20,0.0031,0.9993
fashion,60000,1,5,1,0.5523,0.7743
fashion,60000,1,5,2,0.2576,0.9223
fashion,60000,1,5,3,0.157,0.956
fashion,60000,1,5,4,0.1024,0.972
fashion,60000,1,5,5,0.0871,0.9717
fashion,60000,1,5,6,0.0649,0.9827
fashion,60000,1,5,7,0.0544,0.984
fashion,60000,1,5,8,0.0444,0.9867
fashion,60000,1,5,9,0.0384,0.9887
fashion,60000,1,5,10,0.037,0.9887
fashion,60000,1,5,11,0.0345,0.989
fashion,60000,1,5,12,0.0337,0.9897
fashion,60000,1,5,13,0.0312,0.9903
fashion,60000,1,5,14,0.0298,0.9903
fashion,60000,1,5,15,0.0273,0.9907
fashion,60000,1,5,16,0.0253,0.9923
fashion,60000,1,5,17,0.0255,0.9913
fashion,60000,1,5,18,0.0261,0.9933
fashion,60000,1,5,19,0.0249,0.9923
fashion,60000,1,5,20,0.0225,0.9917
fashion,60000,2,2,1,0.0104,0.9967
fashion,60000,2,2,2,7.80E-04,0.9997
fashion,60000,2,2,3,4.78E-04,1
fashion,60000,2,2,4,1.67E-04,1
fashion,60000,2,2,5,6.19E-04,0.9997
fashion,60000,2,2,6,8.89E-05,1
fashion,60000,2,2,7,1.22E-06,1
fashion,60000,2,2,8,1.37E-06,1
fashion,60000,2,2,9,1.53E-07,1
fashion,60000,2,2,10,3.16E-07,1
fashion,60000,2,2,11,6.28E-08,1
fashion,60000,2,2,12,9.38E-08,1
fashion,60000,2,2,13,2.32E-08,1
fashion,60000,2,2,14,1.36E-07,1
fashion,60000,2,2,15,1.12E-07,1
fashion,60000,2,2,16,2.87E-07,1
fashion,60000,2,2,17,9.26E-08,1
fashion,60000,2,2,18,6.80E-06,1
fashion,60000,2,2,19,2.71E-08,1
fashion,60000,2,2,20,0.0039,0.9997
fashion,60000,2,3,1,0.1104,0.9613
fashion,60000,2,3,2,0.0221,0.9943
fashion,60000,2,3,3,0.0091,0.9973
fashion,60000,2,3,4,0.0063,0.9987
fashion,60000,2,3,5,0.0029,0.9997
fashion,60000,2,3,6,0.0044,0.9983
fashion,60000,2,3,7,0.0042,0.9987
fashion,60000,2,3,8,0.0035,0.9987
fashion,60000,2,3,9,0.0018,0.999
fashion,60000,2,3,10,7.22E-04,1
fashion,60000,2,3,11,8.29E-04,1
fashion,60000,2,3,12,0.0022,0.999
fashion,60000,2,3,13,4.74E-04,1
fashion,60000,2,3,14,0.0017,0.9993
fashion,60000,2,3,15,0.0018,0.9993
fashion,60000,2,3,16,0.0019,0.9993
fashion,60000,2,3,17,3.27E-04,1
fashion,60000,2,3,18,6.79E-04,1
fashion,60000,2,3,19,3.69E-04,1
fashion,60000,2,3,20,1.57E-04,1
fashion,60000,2,4,1,0.3365,0.8857
fashion,60000,2,4,2,0.1039,0.961
fashion,60000,2,4,3,0.0486,0.989
fashion,60000,2,4,4,0.0358,0.989
fashion,60000,2,4,5,0.0212,0.9933
fashion,60000,2,4,6,0.0156,0.9953
fashion,60000,2,4,7,0.0115,0.997
fashion,60000,2,4,8,0.0088,0.998
fashion,60000,2,4,9,0.0054,0.9987
fashion,60000,2,4,10,0.0038,0.999
fashion,60000,2,4,11,0.0046,0.9987
fashion,60000,2,4,12,0.003,0.9997
fashion,60000,2,4,13,0.0043,0.999
fashion,60000,2,4,14,0.0047,0.9987
fashion,60000,2,4,15,0.0034,0.999
fashion,60000,2,4,16,0.0031,0.999
fashion,60000,2,4,17,0.0033,0.999
fashion,60000,2,4,18,0.0024,0.9993
fashion,60000,2,4,19,0.0039,0.9983
fashion,60000,2,4,20,0.0023,0.9993
fashion,60000,2,5,1,0.5484,0.7623
fashion,60000,2,5,2,0.2504,0.9237
fashion,60000,2,5,3,0.1296,0.9643
fashion,60000,2,5,4,0.0981,0.9737
fashion,60000,2,5,5,0.0655,0.984
fashion,60000,2,5,6,0.048,0.9883
fashion,60000,2,5,7,0.0447,0.9877
fashion,60000,2,5,8,0.0405,0.989
fashion,60000,2,5,9,0.0351,0.9887
fashion,60000,2,5,10,0.031,0.991
fashion,60000,2,5,11,0.0334,0.9897
fashion,60000,2,5,12,0.0289,0.991
fashion,60000,2,5,13,0.0297,0.9903
fashion,60000,2,5,14,0.0289,0.9893
fashion,60000,2,5,15,0.0275,0.9903
fashion,60000,2,5,16,0.0263,0.9913
fashion,60000,2,5,17,0.0243,0.992
fashion,60000,2,5,18,0.0231,0.991
fashion,60000,2,5,19,0.0243,0.991
fashion,60000,2,5,20,0.0238,0.9923
fashion,80000,0,2,1,4.57E-04,1
fashion,80000,0,2,2,3.57E-05,1
fashion,80000,0,2,3,3.32E-04,1
fashion,80000,0,2,4,1.14E-05,1
fashion,80000,0,2,5,2.62E-07,1
fashion,80000,0,2,6,5.55E-07,1
fashion,80000,0,2,7,3.60E-06,1
fashion,80000,0,2,8,5.49E-08,1
fashion,80000,0,2,9,3.01E-09,1
fashion,80000,0,2,10,3.20E-07,1
fashion,80000,0,2,11,3.72E-07,1
fashion,80000,0,2,12,5.16E-09,1
fashion,80000,0,2,13,4.60E-08,1
fashion,80000,0,2,14,3.13E-09,1
fashion,80000,0,2,15,8.94E-11,1
fashion,80000,0,2,16,5.96E-11,1
fashion,80000,0,2,17,0.00E+00,1
fashion,80000,0,2,18,0.00E+00,1
fashion,80000,0,2,19,3.04E-09,1
fashion,80000,0,2,20,0.00E+00,1
fashion,80000,0,3,1,0.0267,0.9965
fashion,80000,0,3,2,0.0044,0.9998
fashion,80000,0,3,3,0.0026,0.9998
fashion,80000,0,3,4,0.0017,0.9998
fashion,80000,0,3,5,9.40E-04,0.9998
fashion,80000,0,3,6,6.11E-04,0.9998
fashion,80000,0,3,7,6.60E-04,0.9998
fashion,80000,0,3,8,8.02E-04,0.9998
fashion,80000,0,3,9,5.78E-04,0.9998
fashion,80000,0,3,10,3.97E-04,1
fashion,80000,0,3,11,3.15E-04,1
fashion,80000,0,3,12,3.48E-04,1
fashion,80000,0,3,13,1.45E-04,1
fashion,80000,0,3,14,3.45E-04,1
fashion,80000,0,3,15,2.61E-04,1
fashion,80000,0,3,16,4.83E-05,1
fashion,80000,0,3,17,4.69E-04,0.9998
fashion,80000,0,3,18,9.73E-05,1
fashion,80000,0,3,19,3.12E-04,0.9998
fashion,80000,0,3,20,1.94E-04,1
fashion,80000,0,4,1,0.1194,0.9582
fashion,80000,0,4,2,0.0382,0.9908
fashion,80000,0,4,3,0.0199,0.9937
fashion,80000,0,4,4,0.0083,0.9977
fashion,80000,0,4,5,0.0051,0.9985
fashion,80000,0,4,6,0.0049,0.9992
fashion,80000,0,4,7,0.0038,0.999
fashion,80000,0,4,8,0.0023,0.9995
fashion,80000,0,4,9,0.0035,0.9995
fashion,80000,0,4,10,0.0017,0.9995
fashion,80000,0,4,11,0.0015,0.9998
fashion,80000,0,4,12,0.0025,0.9987
fashion,80000,0,4,13,0.0023,0.9998
fashion,80000,0,4,14,8.09E-04,0.9998
fashion,80000,0,4,15,0.0012,0.9998
fashion,80000,0,4,16,0.0022,0.999
fashion,80000,0,4,17,9.47E-04,1
fashion,80000,0,4,18,6.21E-04,0.9998
fashion,80000,0,4,19,0.0015,0.9992
fashion,80000,0,4,20,0.0016,0.9995
fashion,80000,0,5,1,0.4239,0.8375
fashion,80000,0,5,2,0.1712,0.95
fashion,80000,0,5,3,0.0896,0.974
fashion,80000,0,5,4,0.0706,0.9793
fashion,80000,0,5,5,0.0536,0.9833
fashion,80000,0,5,6,0.0393,0.989
fashion,80000,0,5,7,0.0336,0.9887
fashion,80000,0,5,8,0.0294,0.9912
fashion,80000,0,5,9,0.0307,0.9915
fashion,80000,0,5,10,0.0285,0.9908
fashion,80000,0,5,11,0.0235,0.9935
fashion,80000,0,5,12,0.023,0.993
fashion,80000,0,5,13,0.0251,0.9923
fashion,80000,0,5,14,0.0207,0.9942
fashion,80000,0,5,15,0.0226,0.9933
fashion,80000,0,5,16,0.0188,0.994
fashion,80000,0,5,17,0.0168,0.9945
fashion,80000,0,5,18,0.0168,0.9942
fashion,80000,0,5,19,0.0211,0.9935
fashion,80000,0,5,20,0.0191,0.9948
fashion,80000,1,2,1,0.0018,0.9998
fashion,80000,1,2,2,5.21E-04,0.9998
fashion,80000,1,2,3,7.18E-05,1
fashion,80000,1,2,4,5.71E-06,1
fashion,80000,1,2,5,1.15E-06,1
fashion,80000,1,2,6,6.21E-08,1
fashion,80000,1,2,7,2.52E-08,1
fashion,80000,1,2,8,2.67E-05,1
fashion,80000,1,2,9,1.03E-08,1
fashion,80000,1,2,10,5.66E-10,1
fashion,80000,1,2,11,4.47E-10,1
fashion,80000,1,2,12,0.00E+00,1
fashion,80000,1,2,13,0.00E+00,1
fashion,80000,1,2,14,2.98E-11,1
fashion,80000,1,2,15,1.79E-10,1
fashion,80000,1,2,16,5.36E-10,1
fashion,80000,1,2,17,0.00E+00,1
fashion,80000,1,2,18,0.00E+00,1
fashion,80000,1,2,19,0.00E+00,1
fashion,80000,1,2,20,0.00E+00,1
fashion,80000,1,3,1,0.0317,0.9923
fashion,80000,1,3,2,0.0054,0.999
fashion,80000,1,3,3,0.0022,0.9992
fashion,80000,1,3,4,0.0013,0.9998
fashion,80000,1,3,5,5.77E-04,1
fashion,80000,1,3,6,4.59E-04,1
fashion,80000,1,3,7,4.02E-04,1
fashion,80000,1,3,8,2.10E-04,1
fashion,80000,1,3,9,1.84E-04,1
fashion,80000,1,3,10,1.66E-04,1
fashion,80000,1,3,11,2.47E-04,1
fashion,80000,1,3,12,7.86E-05,1
fashion,80000,1,3,13,3.59E-05,1
fashion,80000,1,3,14,2.44E-05,1
fashion,80000,1,3,15,1.26E-05,1
fashion,80000,1,3,16,2.70E-05,1
fashion,80000,1,3,17,2.36E-05,1
fashion,80000,1,3,18,3.61E-05,1
fashion,80000,1,3,19,2.15E-05,1
fashion,80000,1,3,20,9.34E-06,1
fashion,80000,1,4,1,0.1876,0.9358
fashion,80000,1,4,2,0.0629,0.9858
fashion,80000,1,4,3,0.0291,0.9923
fashion,80000,1,4,4,0.0172,0.995
fashion,80000,1,4,5,0.0107,0.9967
fashion,80000,1,4,6,0.0073,0.9977
fashion,80000,1,4,7,0.0031,0.9992
fashion,80000,1,4,8,0.0032,0.9987
fashion,80000,1,4,9,0.0056,0.9983
fashion,80000,1,4,10,0.0045,0.9985
fashion,80000,1,4,11,0.0037,0.9987
fashion,80000,1,4,12,0.004,0.9985
fashion,80000,1,4,13,0.0016,0.9992
fashion,80000,1,4,14,0.0022,0.9995
fashion,80000,1,4,15,9.92E-04,0.9998
fashion,80000,1,4,16,0.0012,0.9995
fashion,80000,1,4,17,0.0012,0.9998
fashion,80000,1,4,18,0.0034,0.9985
fashion,80000,1,4,19,0.0017,0.9992
fashion,80000,1,4,20,0.0013,0.9995
fashion,80000,1,5,1,0.4536,0.7958
fashion,80000,1,5,2,0.1904,0.9475
fashion,80000,1,5,3,0.0983,0.9747
fashion,80000,1,5,4,0.0683,0.9835
fashion,80000,1,5,5,0.0535,0.9883
fashion,80000,1,5,6,0.041,0.99
fashion,80000,1,5,7,0.035,0.9923
fashion,80000,1,5,8,0.0322,0.9908
fashion,80000,1,5,9,0.0264,0.994
fashion,80000,1,5,10,0.0259,0.9935
fashion,80000,1,5,11,0.025,0.9935
fashion,80000,1,5,12,0.0248,0.9933
fashion,80000,1,5,13,0.0291,0.9925
fashion,80000,1,5,14,0.0236,0.993
fashion,80000,1,5,15,0.0205,0.994
fashion,80000,1,5,16,0.0195,0.9945
fashion,80000,1,5,17,0.0175,0.9945
fashion,80000,1,5,18,0.0189,0.9937
fashion,80000,1,5,19,0.018,0.9955
fashion,80000,1,5,20,0.0201,0.9948
fashion,80000,2,2,1,0.0016,0.9995
fashion,80000,2,2,2,1.68E-04,1
fashion,80000,2,2,3,2.98E-05,1
fashion,80000,2,2,4,5.08E-06,1
fashion,80000,2,2,5,3.26E-06,1
fashion,80000,2,2,6,3.78E-06,1
fashion,80000,2,2,7,2.15E-07,1
fashion,80000,2,2,8,3.26E-08,1
fashion,80000,2,2,9,2.32E-08,1
fashion,80000,2,2,10,5.95E-08,1
fashion,80000,2,2,11,1.06E-08,1
fashion,80000,2,2,12,1.61E-08,1
fashion,80000,2,2,13,1.29E-07,1
fashion,80000,2,2,14,2.98E-11,1
fashion,80000,2,2,15,2.06E-09,1
fashion,80000,2,2,16,5.96E-11,1
fashion,80000,2,2,17,1.55E-09,1
fashion,80000,2,2,18,5.07E-10,1
fashion,80000,2,2,19,2.38E-10,1
fashion,80000,2,2,20,5.96E-11,1
fashion,80000,2,3,1,0.0344,0.9887
fashion,80000,2,3,2,0.0085,0.9975
fashion,80000,2,3,3,0.0081,0.9977
fashion,80000,2,3,4,0.0031,0.9992
fashion,80000,2,3,5,0.0026,0.9998
fashion,80000,2,3,6,0.0026,0.9995
fashion,80000,2,3,7,0.003,0.9992
fashion,80000,2,3,8,0.001,0.9998
fashion,80000,2,3,9,0.0017,0.9992
fashion,80000,2,3,10,0.0011,0.9995
fashion,80000,2,3,11,0.0018,0.9995
fashion,80000,2,3,12,0.003,0.9992
fashion,80000,2,3,13,0.0013,0.9995
fashion,80000,2,3,14,4.80E-04,0.9998
fashion,80000,2,3,15,5.82E-04,0.9998
fashion,80000,2,3,16,6.60E-04,0.9995
fashion,80000,2,3,17,4.84E-04,0.9998
fashion,80000,2,3,18,2.75E-04,0.9998
fashion,80000,2,3,19,2.66E-04,1
fashion,80000,2,3,20,5.44E-04,0.9998
fashion,80000,2,4,1,0.2044,0.9345
fashion,80000,2,4,2,0.0437,0.991
fashion,80000,2,4,3,0.0193,0.9948
fashion,80000,2,4,4,0.0116,0.9962
fashion,80000,2,4,5,0.0078,0.998
fashion,80000,2,4,6,0.0044,0.9985
fashion,80000,2,4,7,0.0061,0.9973
fashion,80000,2,4,8,0.0041,0.9987
fashion,80000,2,4,9,0.0061,0.9975
fashion,80000,2,4,10,0.0035,0.9983
fashion,80000,2,4,11,0.0045,0.9987
fashion,80000,2,4,12,0.0026,0.9992
fashion,80000,2,4,13,0.0017,0.9992
fashion,80000,2,4,14,0.0014,0.9995
fashion,80000,2,4,15,0.0042,0.998
fashion,80000,2,4,16,0.002,0.999
fashion,80000,2,4,17,0.0018,0.9992
fashion,80000,2,4,18,0.0018,0.9995
fashion,80000,2,4,19,0.0012,0.9998
fashion,80000,2,4,20,6.28E-04,0.9998
fashion,80000,2,5,1,0.4604,0.8018
fashion,80000,2,5,2,0.1632,0.967
fashion,80000,2,5,3,0.0901,0.9762
fashion,80000,2,5,4,0.0547,0.9883
fashion,80000,2,5,5,0.0425,0.991
fashion,80000,2,5,6,0.0342,0.9925
fashion,80000,2,5,7,0.0286,0.9935
fashion,80000,2,5,8,0.0255,0.994
fashion,80000,2,5,9,0.0222,0.9945
fashion,80000,2,5,10,0.0187,0.996
fashion,80000,2,5,11,0.0203,0.9955
fashion,80000,2,5,12,0.0191,0.9965
fashion,80000,2,5,13,0.0198,0.9962
fashion,80000,2,5,14,0.0176,0.996
fashion,80000,2,5,15,0.0194,0.9965
fashion,80000,2,5,16,0.0153,0.9967
fashion,80000,2,5,17,0.0183,0.997
fashion,80000,2,5,18,0.0197,0.9962
fashion,80000,2,5,19,0.0136,0.9962
fashion,80000,2,5,20,0.0143,0.997
fashion,100000,0,2,1,8.40E-04,1
fashion,100000,0,2,2,2.87E-05,1
fashion,100000,0,2,3,5.92E-07,1
fashion,100000,0,2,4,7.34E-08,1
fashion,100000,0,2,5,5.10E-07,1
fashion,100000,0,2,6,3.32E-08,1
fashion,100000,0,2,7,9.11E-10,1
fashion,100000,0,2,8,1.76E-10,1
fashion,100000,0,2,9,2.44E-10,1
fashion,100000,0,2,10,7.68E-12,1
fashion,100000,0,2,11,4.31E-10,1
fashion,100000,0,2,12,7.17E-10,1
fashion,100000,0,2,13,4.37E-11,1
fashion,100000,0,2,14,0.00E+00,1
fashion,100000,0,2,15,3.47E-07,1
fashion,100000,0,2,16,0.00E+00,1
fashion,100000,0,2,17,0.00E+00,1
fashion,100000,0,2,18,0.00E+00,1
fashion,100000,0,2,19,0.00E+00,1
fashion,100000,0,2,20,0.00E+00,1
fashion,100000,0,3,1,0.025,0.9948
fashion,100000,0,3,2,0.0028,0.9998
fashion,100000,0,3,3,8.07E-04,1
fashion,100000,0,3,4,3.41E-04,1
fashion,100000,0,3,5,1.03E-04,1
fashion,100000,0,3,6,1.07E-04,1
fashion,100000,0,3,7,1.05E-05,1
fashion,100000,0,3,8,4.62E-05,1
fashion,100000,0,3,9,3.59E-05,1
fashion,100000,0,3,10,5.14E-06,1
fashion,100000,0,3,11,7.80E-06,1
fashion,100000,0,3,12,6.43E-05,1
fashion,100000,0,3,13,5.56E-06,1
fashion,100000,0,3,14,5.27E-06,1
fashion,100000,0,3,15,1.61E-05,1
fashion,100000,0,3,16,8.06E-06,1
fashion,100000,0,3,17,1.53E-06,1
fashion,100000,0,3,18,2.24E-06,1
fashion,100000,0,3,19,1.20E-06,1
fashion,100000,0,3,20,3.66E-07,1
fashion,100000,0,4,1,0.13,0.9526
fashion,100000,0,4,2,0.033,0.9922
fashion,100000,0,4,3,0.0128,0.9972
fashion,100000,0,4,4,0.0064,0.998
fashion,100000,0,4,5,0.0053,0.9986
fashion,100000,0,4,6,0.0041,0.9988
fashion,100000,0,4,7,0.003,0.9992
fashion,100000,0,4,8,0.0042,0.9988
fashion,100000,0,4,9,0.0016,0.9998
fashion,100000,0,4,10,0.0057,0.9986
fashion,100000,0,4,11,0.0025,0.999
fashion,100000,0,4,12,0.0041,0.9986
fashion,100000,0,4,13,0.003,0.9988
fashion,100000,0,4,14,0.0047,0.998
fashion,100000,0,4,15,0.0018,0.9992
fashion,100000,0,4,16,0.0015,0.9994
fashion,100000,0,4,17,0.0017,0.9992
fashion,100000,0,4,18,0.0017,0.999
fashion,100000,0,4,19,9.74E-04,0.9996
fashion,100000,0,4,20,0.0046,0.9986
fashion,100000,0,5,1,0.3404,0.8878
fashion,100000,0,5,2,0.1237,0.9692
fashion,100000,0,5,3,0.0734,0.9808
fashion,100000,0,5,4,0.0496,0.987
fashion,100000,0,5,5,0.0388,0.9912
fashion,100000,0,5,6,0.0333,0.9916
fashion,100000,0,5,7,0.0308,0.9922
fashion,100000,0,5,8,0.0252,0.9924
fashion,100000,0,5,9,0.0253,0.993
fashion,100000,0,5,10,0.0268,0.9908
fashion,100000,0,5,11,0.019,0.9948
fashion,100000,0,5,12,0.0216,0.9936
fashion,100000,0,5,13,0.0181,0.9952
fashion,100000,0,5,14,0.017,0.9962
fashion,100000,0,5,15,0.0182,0.995
fashion,100000,0,5,16,0.0171,0.9944
fashion,100000,0,5,17,0.0157,0.9956
fashion,100000,0,5,18,0.0206,0.9934
fashion,100000,0,5,19,0.0151,0.9952
fashion,100000,0,5,20,0.0137,0.996
fashion,100000,1,2,1,0.0015,1
fashion,100000,1,2,2,1.39E-04,1
fashion,100000,1,2,3,4.62E-05,1
fashion,100000,1,2,4,9.91E-06,1
fashion,100000,1,2,5,7.86E-07,1
fashion,100000,1,2,6,1.58E-07,1
fashion,100000,1,2,7,4.63E-07,1
fashion,100000,1,2,8,2.40E-07,1
fashion,100000,1,2,9,9.24E-08,1
fashion,100000,1,2,10,1.30E-08,1
fashion,100000,1,2,11,9.25E-09,1
fashion,100000,1,2,12,2.38E-11,1
fashion,100000,1,2,13,2.86E-10,1
fashion,100000,1,2,14,0.00E+00,1
fashion,100000,1,2,15,4.77E-11,1
fashion,100000,1,2,16,2.64E-08,1
fashion,100000,1,2,17,0.00E+00,1
fashion,100000,1,2,18,5.79E-09,1
fashion,100000,1,2,19,0.00E+00,1
fashion,100000,1,2,20,0.00E+00,1
fashion,100000,1,3,1,0.0161,0.9976
fashion,100000,1,3,2,0.0054,0.9992
fashion,100000,1,3,3,0.0014,0.9996
fashion,100000,1,3,4,0.001,0.9996
fashion,100000,1,3,5,9.51E-06,1
fashion,100000,1,3,6,4.79E-05,1
fashion,100000,1,3,7,3.53E-06,1
fashion,100000,1,3,8,8.89E-06,1
fashion,100000,1,3,9,9.76E-06,1
fashion,100000,1,3,10,4.73E-06,1
fashion,100000,1,3,11,7.40E-07,1
fashion,100000,1,3,12,3.85E-07,1
fashion,100000,1,3,13,1.24E-06,1
fashion,100000,1,3,14,2.28E-07,1
fashion,100000,1,3,15,6.61E-07,1
fashion,100000,1,3,16,5.77E-08,1
fashion,100000,1,3,17,1.13E-07,1
fashion,100000,1,3,18,6.06E-07,1
fashion,100000,1,3,19,3.44E-07,1
fashion,100000,1,3,20,7.56E-07,1
fashion,100000,1,4,1,0.112,0.968
fashion,100000,1,4,2,0.0186,0.996
fashion,100000,1,4,3,0.0068,0.9986
fashion,100000,1,4,4,0.0164,0.9956
fashion,100000,1,4,5,0.002,0.9998
fashion,100000,1,4,6,0.0012,0.9998
fashion,100000,1,4,7,0.0022,0.9994
fashion,100000,1,4,8,5.87E-04,1
fashion,100000,1,4,9,0.0015,0.9996
fashion,100000,1,4,10,6.62E-04,0.9998
fashion,100000,1,4,11,0.0015,0.9996
fashion,100000,1,4,12,1.00E-03,0.9998
fashion,100000,1,4,13,4.54E-04,1
fashion,100000,1,4,14,1.61E-04,1
fashion,100000,1,4,15,5.83E-04,0.9998
fashion,100000,1,4,16,5.68E-04,1
fashion,100000,1,4,17,8.29E-04,0.9998
fashion,100000,1,4,18,5.56E-04,0.9998
fashion,100000,1,4,19,9.46E-04,0.9996
fashion,100000,1,4,20,5.44E-04,0.9996
fashion,100000,1,5,1,0.3285,0.8924
fashion,100000,1,5,2,0.1018,0.975
fashion,100000,1,5,3,0.0535,0.9868
fashion,100000,1,5,4,0.0411,0.9886
fashion,100000,1,5,5,0.0318,0.9914
fashion,100000,1,5,6,0.0241,0.994
fashion,100000,1,5,7,0.0231,0.9944
fashion,100000,1,5,8,0.0219,0.9944
fashion,100000,1,5,9,0.0177,0.9964
fashion,100000,1,5,10,0.0152,0.9958
fashion,100000,1,5,11,0.013,0.9966
fashion,100000,1,5,12,0.0139,0.9958
fashion,100000,1,5,13,0.0158,0.9948
fashion,100000,1,5,14,0.0119,0.9976
fashion,100000,1,5,15,0.0109,0.9972
fashion,100000,1,5,16,0.0128,0.9962
fashion,100000,1,5,17,0.013,0.997
fashion,100000,1,5,18,0.0117,0.9976
fashion,100000,1,5,19,0.01,0.9976
fashion,100000,1,5,20,0.0104,0.997
fashion,100000,2,2,1,0.0013,0.9998
fashion,100000,2,2,2,2.27E-04,1
fashion,100000,2,2,3,7.03E-06,1
fashion,100000,2,2,4,2.47E-07,1
fashion,100000,2,2,5,7.98E-08,1
fashion,100000,2,2,6,9.47E-06,1
fashion,100000,2,2,7,4.90E-08,1
fashion,100000,2,2,8,4.32E-08,1
fashion,100000,2,2,9,2.18E-08,1
fashion,100000,2,2,10,3.53E-09,1
fashion,100000,2,2,11,4.29E-10,1
fashion,100000,2,2,12,2.62E-10,1
fashion,100000,2,2,13,4.77E-11,1
fashion,100000,2,2,14,1.67E-10,1
fashion,100000,2,2,15,5.01E-10,1
fashion,100000,2,2,16,0.00E+00,1
fashion,100000,2,2,17,4.77E-11,1
fashion,100000,2,2,18,0.00E+00,1
fashion,100000,2,2,19,1.93E-09,1
fashion,100000,2,2,20,9.54E-11,1
fashion,100000,2,3,1,0.0154,0.9976
fashion,100000,2,3,2,0.0024,1
fashion,100000,2,3,3,0.0012,0.9998
fashion,100000,2,3,4,0.0013,0.9996
fashion,100000,2,3,5,2.38E-04,1
fashion,100000,2,3,6,2.57E-04,1
fashion,100000,2,3,7,5.57E-04,0.9996
fashion,100000,2,3,8,4.59E-04,0.9998
fashion,100000,2,3,9,7.96E-04,0.9998
fashion,100000,2,3,10,1.30E-05,1
fashion,100000,2,3,11,3.07E-05,1
fashion,100000,2,3,12,9.95E-05,1
fashion,100000,2,3,13,3.05E-05,1
fashion,100000,2,3,14,1.33E-05,1
fashion,100000,2,3,15,4.78E-06,1
fashion,100000,2,3,16,5.74E-04,0.9996
fashion,100000,2,3,17,1.33E-05,1
fashion,100000,2,3,18,1.66E-05,1
fashion,100000,2,3,19,6.53E-06,1
fashion,100000,2,3,20,3.25E-06,1
fashion,100000,2,4,1,0.1076,0.964
fashion,100000,2,4,2,0.0193,0.9964
fashion,100000,2,4,3,0.0054,0.9992
fashion,100000,2,4,4,0.0025,0.9994
fashion,100000,2,4,5,0.0023,0.9994
fashion,100000,2,4,6,0.0019,0.9996
fashion,100000,2,4,7,9.79E-04,0.9996
fashion,100000,2,4,8,0.0016,0.9998
fashion,100000,2,4,9,6.00E-04,1
fashion,100000,2,4,10,7.04E-04,0.9996
fashion,100000,2,4,11,8.99E-04,0.9996
fashion,100000,2,4,12,5.81E-04,0.9998
fashion,100000,2,4,13,0.001,0.9994
fashion,100000,2,4,14,8.89E-04,0.9998
fashion,100000,2,4,15,0.0011,0.9998
fashion,100000,2,4,16,0.0011,0.9996
fashion,100000,2,4,17,0.0023,0.9994
fashion,100000,2,4,18,3.14E-04,1
fashion,100000,2,4,19,8.80E-04,0.9996
fashion,100000,2,4,20,2.27E-04,1
fashion,100000,2,5,1,0.2933,0.9044
fashion,100000,2,5,2,0.0967,0.978
fashion,100000,2,5,3,0.054,0.9856
fashion,100000,2,5,4,0.0374,0.9898
fashion,100000,2,5,5,0.0413,0.9896
fashion,100000,2,5,6,0.0256,0.9926
fashion,100000,2,5,7,0.0222,0.9944
fashion,100000,2,5,8,0.0229,0.9924
fashion,100000,2,5,9,0.0237,0.9922
fashion,100000,2,5,10,0.018,0.9948
fashion,100000,2,5,11,0.02,0.994
fashion,100000,2,5,12,0.02,0.9942
fashion,100000,2,5,13,0.0157,0.996
fashion,100000,2,5,14,0.0199,0.994
fashion,100000,2,5,15,0.0198,0.9932
fashion,100000,2,5,16,0.0205,0.9936
fashion,100000,2,5,17,0.017,0.995
fashion,100000,2,5,18,0.0149,0.9958
fashion,100000,2,5,19,0.0162,0.9948
fashion,100000,2,5,20,0.0181,0.994
cifar,20000,0,2,1,0.1067,0.965
cifar,20000,0,2,2,0.0659,0.9795
cifar,20000,0,2,3,0.0288,0.993
cifar,20000,0,2,4,0.0099,0.9965
cifar,20000,0,2,5,0.0067,0.998
cifar,20000,0,2,6,0.0051,0.999
cifar,20000,0,2,7,0.0034,0.9995
cifar,20000,0,2,8,0.0013,1
cifar,20000,0,2,9,0.0016,0.9995
cifar,20000,0,2,10,0.003,0.9995
cifar,20000,0,2,11,2.53E-04,1
cifar,20000,0,2,12,3.58E-04,1
cifar,20000,0,2,13,0.006,0.999
cifar,20000,0,2,14,1.16E-04,1
cifar,20000,0,2,15,1.17E-04,1
cifar,20000,0,2,16,0.0058,0.9995
cifar,20000,0,2,17,6.18E-05,1
cifar,20000,0,2,18,7.33E-05,1
cifar,20000,0,2,19,0.0066,0.9995
cifar,20000,0,2,20,0.0046,0.9995
cifar,20000,0,3,1,0.6548,0.6765
cifar,20000,0,3,2,0.5273,0.7585
cifar,20000,0,3,3,0.422,0.795
cifar,20000,0,3,4,0.3599,0.833
cifar,20000,0,3,5,0.2535,0.901
cifar,20000,0,3,6,0.1848,0.9375
cifar,20000,0,3,7,0.1351,0.958
cifar,20000,0,3,8,0.086,0.9755
cifar,20000,0,3,9,0.0608,0.984
cifar,20000,0,3,10,0.0595,0.9835
cifar,20000,0,3,11,0.0448,0.988
cifar,20000,0,3,12,0.0328,0.991
cifar,20000,0,3,13,0.1208,0.958
cifar,20000,0,3,14,0.0202,0.9945
cifar,20000,0,3,15,0.0169,0.996
cifar,20000,0,3,16,0.0162,0.9955
cifar,20000,0,3,17,0.0289,0.9895
cifar,20000,0,3,18,0.0145,0.996
cifar,20000,0,3,19,0.0127,0.996
cifar,20000,0,3,20,0.0109,0.9975
cifar,20000,0,4,1,1.0617,0.5065
cifar,20000,0,4,2,0.9066,0.5535
cifar,20000,0,4,3,0.8182,0.5895
cifar,20000,0,4,4,0.714,0.6555
cifar,20000,0,4,5,0.6281,0.702
cifar,20000,0,4,6,0.559,0.7555
cifar,20000,0,4,7,0.475,0.7835
cifar,20000,0,4,8,0.3774,0.84
cifar,20000,0,4,9,0.2862,0.907
cifar,20000,0,4,10,0.311,0.863
cifar,20000,0,4,11,0.2188,0.939
cifar,20000,0,4,12,0.249,0.898
cifar,20000,0,4,13,0.5185,0.7715
cifar,20000,0,4,14,0.1675,0.9295
cifar,20000,0,4,15,0.0916,0.9765
cifar,20000,0,4,16,0.0902,0.971
cifar,20000,0,4,17,0.1213,0.9495
cifar,20000,0,4,18,0.062,0.981
cifar,20000,0,4,19,0.0697,0.98
cifar,20000,0,4,20,0.0448,0.986
cifar,20000,0,5,1,1.3585,0.367
cifar,20000,0,5,2,1.205,0.4415
cifar,20000,0,5,3,1.1024,0.501
cifar,20000,0,5,4,1.0088,0.5215
cifar,20000,0,5,5,0.928,0.577
cifar,20000,0,5,6,0.8191,0.619
cifar,20000,0,5,7,0.7312,0.673
cifar,20000,0,5,8,0.7095,0.6715
cifar,20000,0,5,9,0.5377,0.7935
cifar,20000,0,5,10,0.4775,0.8165
cifar,20000,0,5,11,0.396,0.8645
cifar,20000,0,5,12,0.3681,0.8645
cifar,20000,0,5,13,0.2969,0.897
cifar,20000,0,5,14,0.3203,0.864
cifar,20000,0,5,15,0.293,0.875
cifar,20000,0,5,16,0.237,0.917
cifar,20000,0,5,17,0.2644,0.8865
cifar,20000,0,5,18,0.4436,0.773
cifar,20000,0,5,19,0.2121,0.923
cifar,20000,0,5,20,0.2163,0.9085
cifar,20000,1,2,1,0.1828,0.9155
cifar,20000,1,2,2,0.0749,0.9705
cifar,20000,1,2,3,0.0486,0.981
cifar,20000,1,2,4,0.0292,0.9885
cifar,20000,1,2,5,0.021,0.9925
cifar,20000,1,2,6,0.0133,0.995
cifar,20000,1,2,7,0.0137,0.9955
cifar,20000,1,2,8,0.009,0.996
cifar,20000,1,2,9,0.0094,0.9965
cifar,20000,1,2,10,0.0091,0.997
cifar,20000,1,2,11,9.70E-03,0.996
cifar,20000,1,2,12,7.40E-03,0.997
cifar,20000,1,2,13,0.0077,0.9965
cifar,20000,1,2,14,7.70E-03,0.9965
cifar,20000,1,2,15,9.60E-03,0.9965
cifar,20000,1,2,16,0.0052,0.997
cifar,20000,1,2,17,6.80E-03,0.997
cifar,20000,1,2,18,6.80E-03,0.9975
cifar,20000,1,2,19,0.0053,0.998
cifar,20000,1,2,20,0.0037,0.9975
cifar,20000,1,3,1,0.6805,0.6685
cifar,20000,1,3,2,0.5403,0.735
cifar,20000,1,3,3,0.4437,0.8
cifar,20000,1,3,4,0.3371,0.852
cifar,20000,1,3,5,0.2462,0.9145
cifar,20000,1,3,6,0.2257,0.9285
cifar,20000,1,3,7,0.1377,0.9545
cifar,20000,1,3,8,0.1114,0.963
cifar,20000,1,3,9,0.0812,0.9785
cifar,20000,1,3,10,0.0782,0.9755
cifar,20000,1,3,11,0.0549,0.979
cifar,20000,1,3,12,0.0384,0.992
cifar,20000,1,3,13,0.0661,0.98
cifar,20000,1,3,14,0.0298,0.994
cifar,20000,1,3,15,0.0276,0.992
cifar,20000,1,3,16,0.0269,0.9925
cifar,20000,1,3,17,0.0215,0.994
cifar,20000,1,3,18,0.0175,0.995
cifar,20000,1,3,19,0.0262,0.9925
cifar,20000,1,3,20,0.0122,0.996
cifar,20000,1,4,1,1.0687,0.504
cifar,20000,1,4,2,0.9416,0.5695
cifar,20000,1,4,3,0.8421,0.612
cifar,20000,1,4,4,0.7518,0.647
cifar,20000,1,4,5,0.6791,0.683
cifar,20000,1,4,6,0.6044,0.7185
cifar,20000,1,4,7,0.5932,0.6985
cifar,20000,1,4,8,0.5217,0.7565
cifar,20000,1,4,9,0.4151,0.842
cifar,20000,1,4,10,0.3576,0.8725
cifar,20000,1,4,11,0.3202,0.9
cifar,20000,1,4,12,0.4866,0.7595
cifar,20000,1,4,13,0.2427,0.921
cifar,20000,1,4,14,0.1969,0.9355
cifar,20000,1,4,15,0.2328,0.907
cifar,20000,1,4,16,0.1583,0.9545
cifar,20000,1,4,17,0.1546,0.9465
cifar,20000,1,4,18,0.1368,0.9595
cifar,20000,1,4,19,0.1153,0.9665
cifar,20000,1,4,20,0.1061,0.9715
cifar,20000,1,5,1,1.3471,0.39
cifar,20000,1,5,2,1.2257,0.435
cifar,20000,1,5,3,1.1283,0.49
cifar,20000,1,5,4,1.0607,0.5105
cifar,20000,1,5,5,0.9933,0.547
cifar,20000,1,5,6,0.9679,0.5555
cifar,20000,1,5,7,0.8779,0.601
cifar,20000,1,5,8,0.8313,0.629
cifar,20000,1,5,9,0.6933,0.7115
cifar,20000,1,5,10,0.6051,0.7585
cifar,20000,1,5,11,0.5152,0.803
cifar,20000,1,5,12,0.5167,0.773
cifar,20000,1,5,13,0.4319,0.819
cifar,20000,1,5,14,0.394,0.8245
cifar,20000,1,5,15,0.2961,0.9065
cifar,20000,1,5,16,0.287,0.8975
cifar,20000,1,5,17,0.2334,0.93
cifar,20000,1,5,18,0.2132,0.923
cifar,20000,1,5,19,0.191,0.941
cifar,20000,1,5,20,0.1749,0.944
cifar,20000,2,2,1,0.1027,0.968
cifar,20000,2,2,2,0.038,0.9885
cifar,20000,2,2,3,0.0198,0.9925
cifar,20000,2,2,4,0.0053,0.9985
cifar,20000,2,2,5,0.0065,0.998
cifar,20000,2,2,6,0.0042,0.998
cifar,20000,2,2,7,0.0043,0.9985
cifar,20000,2,2,8,0.0033,0.9985
cifar,20000,2,2,9,0.0022,0.999
cifar,20000,2,2,10,0.0043,0.999
cifar,20000,2,2,11,2.40E-03,0.999
cifar,20000,2,2,12,4.20E-03,0.9985
cifar,20000,2,2,13,0.0036,0.9985
cifar,20000,2,2,14,3.40E-03,0.9985
cifar,20000,2,2,15,1.40E-03,0.999
cifar,20000,2,2,16,8.60E-04,0.9995
cifar,20000,2,2,17,2.00E-03,0.999
cifar,20000,2,2,18,2.00E-03,0.999
cifar,20000,2,2,19,0.002,0.999
cifar,20000,2,2,20,0.0037,0.999
cifar,20000,2,3,1,0.6443,0.656
cifar,20000,2,3,2,0.4879,0.7665
cifar,20000,2,3,3,0.4342,0.809
cifar,20000,2,3,4,0.314,0.8555
cifar,20000,2,3,5,0.1934,0.9285
cifar,20000,2,3,6,0.1274,0.9585
cifar,20000,2,3,7,0.0971,0.969
cifar,20000,2,3,8,0.0666,0.9775
cifar,20000,2,3,9,0.0906,0.9715
cifar,20000,2,3,10,0.0239,0.993
cifar,20000,2,3,11,0.0201,0.9945
cifar,20000,2,3,12,0.0216,0.994
cifar,20000,2,3,13,0.0126,0.9965
cifar,20000,2,3,14,0.0096,0.997
cifar,20000,2,3,15,0.0127,0.996
cifar,20000,2,3,16,0.0069,0.998
cifar,20000,2,3,17,0.0215,0.9945
cifar,20000,2,3,18,0.0072,0.9975
cifar,20000,2,3,19,0.005,0.998
cifar,20000,2,3,20,0.0084,0.998
cifar,20000,2,4,1,1.0401,0.5145
cifar,20000,2,4,2,0.8497,0.589
cifar,20000,2,4,3,0.7372,0.644
cifar,20000,2,4,4,0.6354,0.708
cifar,20000,2,4,5,0.5696,0.7415
cifar,20000,2,4,6,0.4148,0.838
cifar,20000,2,4,7,0.3026,0.8995
cifar,20000,2,4,8,0.2605,0.899
cifar,20000,2,4,9,0.1683,0.9505
cifar,20000,2,4,10,0.1342,0.9525
cifar,20000,2,4,11,0.1613,0.9355
cifar,20000,2,4,12,0.0967,0.9715
cifar,20000,2,4,13,0.0802,0.974
cifar,20000,2,4,14,0.0656,0.979
cifar,20000,2,4,15,0.0555,0.982
cifar,20000,2,4,16,0.0703,0.9785
cifar,20000,2,4,17,0.0437,0.9865
cifar,20000,2,4,18,0.0393,0.986
cifar,20000,2,4,19,0.0512,0.9795
cifar,20000,2,4,20,0.0312,0.9895
cifar,20000,2,5,1,1.3256,0.392
cifar,20000,2,5,2,1.172,0.4595
cifar,20000,2,5,3,1.0561,0.5175
cifar,20000,2,5,4,0.968,0.5345
cifar,20000,2,5,5,0.8566,0.6015
cifar,20000,2,5,6,0.7757,0.643
cifar,20000,2,5,7,0.6237,0.7255
cifar,20000,2,5,8,0.7241,0.6585
cifar,20000,2,5,9,0.4058,0.867
cifar,20000,2,5,10,0.3337,0.897
cifar,20000,2,5,11,0.2817,0.9095
cifar,20000,2,5,12,0.2214,0.9305
cifar,20000,2,5,13,0.1986,0.9385
cifar,20000,2,5,14,0.1631,0.946
cifar,20000,2,5,15,0.159,0.954
cifar,20000,2,5,16,0.1285,0.96
cifar,20000,2,5,17,0.1461,0.95
cifar,20000,2,5,18,0.1001,0.9675
cifar,20000,2,5,19,0.0958,0.971
cifar,20000,2,5,20,0.0896,0.976
cifar,40000,0,2,1,0.0641,0.9765
cifar,40000,0,2,2,0.0073,0.9977
cifar,40000,0,2,3,0.0097,0.998
cifar,40000,0,2,4,7.23E-04,1
cifar,40000,0,2,5,0.001,0.9995
cifar,40000,0,2,6,2.78E-04,1
cifar,40000,0,2,7,3.83E-04,1
cifar,40000,0,2,8,0.0045,0.999
cifar,40000,0,2,9,0.0031,0.9992
cifar,40000,0,2,10,4.31E-04,0.9998
cifar,40000,0,2,11,1.68E-04,1
cifar,40000,0,2,12,7.55E-04,1
cifar,40000,0,2,13,7.71E-04,0.9998
cifar,40000,0,2,14,4.34E-04,0.9998
cifar,40000,0,2,15,1.56E-04,1
cifar,40000,0,2,16,8.32E-05,1
cifar,40000,0,2,17,2.58E-04,0.9998
cifar,40000,0,2,18,9.70E-03,0.9962
cifar,40000,0,2,19,6.54E-04,0.9995
cifar,40000,0,2,20,0.0014,0.9995
cifar,40000,0,3,1,0.5434,0.7487
cifar,40000,0,3,2,0.3265,0.8717
cifar,40000,0,3,3,0.1686,0.9377
cifar,40000,0,3,4,0.085,0.9755
cifar,40000,0,3,5,0.0394,0.9908
cifar,40000,0,3,6,0.0294,0.9927
cifar,40000,0,3,7,0.0221,0.995
cifar,40000,0,3,8,0.0202,0.9958
cifar,40000,0,3,9,0.0157,0.9967
cifar,40000,0,3,10,0.0106,0.9987
cifar,40000,0,3,11,0.0103,0.9985
cifar,40000,0,3,12,0.0111,0.998
cifar,40000,0,3,13,0.0096,0.9975
cifar,40000,0,3,14,0.0106,0.9987
cifar,40000,0,3,15,0.0098,0.9985
cifar,40000,0,3,16,0.0098,0.999
cifar,40000,0,3,17,0.0105,0.999
cifar,40000,0,3,18,0.0096,0.9985
cifar,40000,0,3,19,0.0106,0.9977
cifar,40000,0,3,20,0.0083,0.9983
cifar,40000,0,4,1,0.929,0.5477
cifar,40000,0,4,2,0.7195,0.655
cifar,40000,0,4,3,0.5484,0.747
cifar,40000,0,4,4,0.3797,0.8317
cifar,40000,0,4,5,0.294,0.852
cifar,40000,0,4,6,0.1305,0.9695
cifar,40000,0,4,7,0.0897,0.9815
cifar,40000,0,4,8,0.0921,0.9718
cifar,40000,0,4,9,0.0855,0.9737
cifar,40000,0,4,10,0.0556,0.9855
cifar,40000,0,4,11,0.0801,0.9735
cifar,40000,0,4,12,0.0425,0.9887
cifar,40000,0,4,13,0.0331,0.9918
cifar,40000,0,4,14,0.0274,0.992
cifar,40000,0,4,15,0.0295,0.9918
cifar,40000,0,4,16,0.0247,0.991
cifar,40000,0,4,17,0.027,0.9925
cifar,40000,0,4,18,0.0364,0.9877
cifar,40000,0,4,19,0.029,0.9902
cifar,40000,0,4,20,0.0237,0.993
cifar,40000,0,5,1,1.1979,0.4518
cifar,40000,0,5,2,1.0102,0.5247
cifar,40000,0,5,3,0.8401,0.612
cifar,40000,0,5,4,0.6856,0.6905
cifar,40000,0,5,5,0.4178,0.8662
cifar,40000,0,5,6,0.3002,0.9255
cifar,40000,0,5,7,0.2917,0.8845
cifar,40000,0,5,8,0.2158,0.918
cifar,40000,0,5,9,0.125,0.9697
cifar,40000,0,5,10,0.1607,0.9365
cifar,40000,0,5,11,0.0886,0.973
cifar,40000,0,5,12,0.0745,0.9785
cifar,40000,0,5,13,0.0533,0.9893
cifar,40000,0,5,14,0.0471,0.9885
cifar,40000,0,5,15,0.0384,0.9923
cifar,40000,0,5,16,0.0389,0.9925
cifar,40000,0,5,17,0.0342,0.9927
cifar,40000,0,5,18,0.0276,0.9937
cifar,40000,0,5,19,0.0286,0.9925
cifar,40000,0,5,20,0.0235,0.9942
cifar,40000,1,2,1,0.0765,0.9722
cifar,40000,1,2,2,0.0235,0.9912
cifar,40000,1,2,3,0.0193,0.9937
cifar,40000,1,2,4,0.0115,0.9958
cifar,40000,1,2,5,0.0087,0.9965
cifar,40000,1,2,6,0.008,0.9962
cifar,40000,1,2,7,0.0051,0.9985
cifar,40000,1,2,8,0.006,0.9975
cifar,40000,1,2,9,0.0037,0.9985
cifar,40000,1,2,10,0.0043,0.9983
cifar,40000,1,2,11,2.50E-03,0.9992
cifar,40000,1,2,12,1.03E-02,0.9965
cifar,40000,1,2,13,0.0025,0.9987
cifar,40000,1,2,14,3.30E-03,0.9985
cifar,40000,1,2,15,3.70E-03,0.9992
cifar,40000,1,2,16,0.0036,0.9985
cifar,40000,1,2,17,4.10E-03,0.9983
cifar,40000,1,2,18,2.20E-03,0.999
cifar,40000,1,2,19,0.0036,0.999
cifar,40000,1,2,20,0.0016,0.9995
cifar,40000,1,3,1,0.5926,0.7153
cifar,40000,1,3,2,0.4297,0.806
cifar,40000,1,3,3,0.2912,0.876
cifar,40000,1,3,4,0.1506,0.9505
cifar,40000,1,3,5,0.0755,0.9778
cifar,40000,1,3,6,0.0459,0.988
cifar,40000,1,3,7,0.0297,0.992
cifar,40000,1,3,8,0.0223,0.9955
cifar,40000,1,3,9,0.0164,0.9958
cifar,40000,1,3,10,0.0136,0.9962
cifar,40000,1,3,11,0.0151,0.9958
cifar,40000,1,3,12,0.0098,0.9975
cifar,40000,1,3,13,0.0069,0.9985
cifar,40000,1,3,14,0.0065,0.9987
cifar,40000,1,3,15,0.0082,0.9983
cifar,40000,1,3,16,0.0083,0.9977
cifar,40000,1,3,17,0.0045,0.9983
cifar,40000,1,3,18,0.0042,0.999
cifar,40000,1,3,19,0.0027,0.9992
cifar,40000,1,3,20,0.0051,0.9987
cifar,40000,1,4,1,0.9159,0.5625
cifar,40000,1,4,2,0.7594,0.6338
cifar,40000,1,4,3,0.6721,0.6683
cifar,40000,1,4,4,0.4954,0.7885
cifar,40000,1,4,5,0.3482,0.8725
cifar,40000,1,4,6,0.3595,0.845
cifar,40000,1,4,7,0.1817,0.9417
cifar,40000,1,4,8,0.1465,0.955
cifar,40000,1,4,9,0.1037,0.9725
cifar,40000,1,4,10,0.0806,0.9783
cifar,40000,1,4,11,0.0631,0.9812
cifar,40000,1,4,12,0.0699,0.9775
cifar,40000,1,4,13,0.053,0.9812
cifar,40000,1,4,14,0.0728,0.9743
cifar,40000,1,4,15,0.041,0.9855
cifar,40000,1,4,16,0.0316,0.989
cifar,40000,1,4,17,0.0218,0.9927
cifar,40000,1,4,18,0.0192,0.9945
cifar,40000,1,4,19,0.0176,0.995
cifar,40000,1,4,20,0.0235,0.9933
cifar,40000,1,5,1,1.2271,0.4342
cifar,40000,1,5,2,1.0932,0.4798
cifar,40000,1,5,3,0.9724,0.55
cifar,40000,1,5,4,0.7563,0.6635
cifar,40000,1,5,5,0.5943,0.7648
cifar,40000,1,5,6,0.5715,0.7205
cifar,40000,1,5,7,0.3271,0.8905
cifar,40000,1,5,8,0.2975,0.8975
cifar,40000,1,5,9,0.2087,0.9348
cifar,40000,1,5,10,0.1728,0.9488
cifar,40000,1,5,11,0.252,0.8838
cifar,40000,1,5,12,0.1861,0.926
cifar,40000,1,5,13,0.1097,0.9703
cifar,40000,1,5,14,0.1392,0.9438
cifar,40000,1,5,15,0.0826,0.979
cifar,40000,1,5,16,0.0742,0.981
cifar,40000,1,5,17,0.0723,0.9793
cifar,40000,1,5,18,0.0634,0.9815
cifar,40000,1,5,19,0.0554,0.9837
cifar,40000,1,5,20,0.0555,0.983
cifar,40000,2,2,1,0.0382,0.9877
cifar,40000,2,2,2,0.0036,0.9995
cifar,40000,2,2,3,0.0011,0.9995
cifar,40000,2,2,4,9.46E-04,0.9998
cifar,40000,2,2,5,1.36E-04,1
cifar,40000,2,2,6,2.60E-04,1
cifar,40000,2,2,7,6.69E-05,1
cifar,40000,2,2,8,1.76E-05,1
cifar,40000,2,2,9,1.59E-05,1
cifar,40000,2,2,10,1.91E-04,1
cifar,40000,2,2,11,2.63E-04,1
cifar,40000,2,2,12,7.14E-05,1
cifar,40000,2,2,13,6.87E-06,1
cifar,40000,2,2,14,5.19E-06,1
cifar,40000,2,2,15,1.69E-06,1
cifar,40000,2,2,16,4.66E-06,1
cifar,40000,2,2,17,1.03E-05,1
cifar,40000,2,2,18,2.43E-06,1
cifar,40000,2,2,19,5.87E-06,1
cifar,40000,2,2,20,9.94E-07,1
cifar,40000,2,3,1,0.4795,0.7732
cifar,40000,2,3,2,0.301,0.8698
cifar,40000,2,3,3,0.1357,0.9567
cifar,40000,2,3,4,0.0489,0.9885
cifar,40000,2,3,5,0.0421,0.9883
cifar,40000,2,3,6,0.0151,0.9965
cifar,40000,2,3,7,0.0215,0.9927
cifar,40000,2,3,8,0.0077,0.9987
cifar,40000,2,3,9,0.0041,0.9992
cifar,40000,2,3,10,0.0043,0.999
cifar,40000,2,3,11,0.0023,0.9995
cifar,40000,2,3,12,0.0019,0.9995
cifar,40000,2,3,13,9.94E-04,0.9998
cifar,40000,2,3,14,0.0029,0.9992
cifar,40000,2,3,15,0.0022,0.9995
cifar,40000,2,3,16,0.0013,0.9995
cifar,40000,2,3,17,0.0016,0.9998
cifar,40000,2,3,18,0.001,0.9998
cifar,40000,2,3,19,3.14E-04,1
cifar,40000,2,3,20,2.12E-04,1
cifar,40000,2,4,1,0.8414,0.6015
cifar,40000,2,4,2,0.6489,0.703
cifar,40000,2,4,3,0.4461,0.8135
cifar,40000,2,4,4,0.3135,0.8798
cifar,40000,2,4,5,0.3879,0.804
cifar,40000,2,4,6,0.2354,0.9038
cifar,40000,2,4,7,0.0734,0.9847
cifar,40000,2,4,8,0.0602,0.9858
cifar,40000,2,4,9,0.0486,0.9905
cifar,40000,2,4,10,0.0659,0.9755
cifar,40000,2,4,11,0.0268,0.9918
cifar,40000,2,4,12,0.0217,0.9937
cifar,40000,2,4,13,0.0186,0.9948
cifar,40000,2,4,14,0.0179,0.9948
cifar,40000,2,4,15,0.0236,0.9923
cifar,40000,2,4,16,0.0143,0.9958
cifar,40000,2,4,17,0.0128,0.9967
cifar,40000,2,4,18,0.0091,0.9977
cifar,40000,2,4,19,0.0107,0.9958
cifar,40000,2,4,20,0.011,0.9965
cifar,40000,2,5,1,1.2241,0.4285
cifar,40000,2,5,2,1.0345,0.5175
cifar,40000,2,5,3,0.8064,0.6267
cifar,40000,2,5,4,0.6149,0.7442
cifar,40000,2,5,5,0.4389,0.8537
cifar,40000,2,5,6,0.3217,0.8915
cifar,40000,2,5,7,0.2638,0.911
cifar,40000,2,5,8,0.2034,0.9325
cifar,40000,2,5,9,0.1523,0.9517
cifar,40000,2,5,10,0.1265,0.9585
cifar,40000,2,5,11,0.1212,0.9565
cifar,40000,2,5,12,0.0953,0.969
cifar,40000,2,5,13,0.0943,0.9645
cifar,40000,2,5,14,0.0825,0.9768
cifar,40000,2,5,15,0.0579,0.9805
cifar,40000,2,5,16,0.0555,0.9818
cifar,40000,2,5,17,0.0606,0.98
cifar,40000,2,5,18,0.0551,0.9803
cifar,40000,2,5,19,0.0433,0.9858
cifar,40000,2,5,20,0.0379,0.9875
cifar,60000,0,2,1,0.0311,0.9882
cifar,60000,0,2,2,0.0029,0.9988
cifar,60000,0,2,3,0.0028,0.9995
cifar,60000,0,2,4,7.22E-04,0.9997
cifar,60000,0,2,5,0.0024,0.9992
cifar,60000,0,2,6,5.23E-04,0.9998
cifar,60000,0,2,7,7.07E-04,0.9997
cifar,60000,0,2,8,1.20E-04,1
cifar,60000,0,2,9,4.24E-04,0.9998
cifar,60000,0,2,10,1.52E-04,1
cifar,60000,0,2,11,9.63E-04,0.9997
cifar,60000,0,2,12,3.60E-03,0.9992
cifar,60000,0,2,13,8.90E-05,1
cifar,60000,0,2,14,4.64E-05,1
cifar,60000,0,2,15,4.38E-05,1
cifar,60000,0,2,16,9.52E-05,1
cifar,60000,0,2,17,8.07E-05,1
cifar,60000,0,2,18,2.56E-04,1
cifar,60000,0,2,19,1.93E-04,0.9998
cifar,60000,0,2,20,8.57E-05,1
cifar,60000,0,3,1,0.4581,0.7932
cifar,60000,0,3,2,0.2116,0.9275
cifar,60000,0,3,3,0.0699,0.9807
cifar,60000,0,3,4,0.0403,0.9878
cifar,60000,0,3,5,0.022,0.9927
cifar,60000,0,3,6,0.0129,0.9965
cifar,60000,0,3,7,0.0135,0.996
cifar,60000,0,3,8,0.0076,0.9977
cifar,60000,0,3,9,0.009,0.9982
cifar,60000,0,3,10,0.0057,0.9983
cifar,60000,0,3,11,0.0045,0.9987
cifar,60000,0,3,12,0.0063,0.9977
cifar,60000,0,3,13,0.0038,0.9992
cifar,60000,0,3,14,0.0186,0.9947
cifar,60000,0,3,15,0.0065,0.9987
cifar,60000,0,3,16,0.002,0.9997
cifar,60000,0,3,17,0.0058,0.9977
cifar,60000,0,3,18,0.0037,0.9985
cifar,60000,0,3,19,0.0168,0.996
cifar,60000,0,3,20,0.0023,0.9992
cifar,60000,0,4,1,0.8136,0.603
cifar,60000,0,4,2,0.5232,0.7598
cifar,60000,0,4,3,0.295,0.8983
cifar,60000,0,4,4,0.1457,0.963
cifar,60000,0,4,5,0.0896,0.977
cifar,60000,0,4,6,0.0473,0.9903
cifar,60000,0,4,7,0.0918,0.9622
cifar,60000,0,4,8,0.0319,0.993
cifar,60000,0,4,9,0.045,0.985
cifar,60000,0,4,10,0.0211,0.9945
cifar,60000,0,4,11,0.0216,0.9938
cifar,60000,0,4,12,0.0184,0.9952
cifar,60000,0,4,13,0.0159,0.9963
cifar,60000,0,4,14,0.0117,0.9972
cifar,60000,0,4,15,0.0108,0.997
cifar,60000,0,4,16,0.0314,0.9897
cifar,60000,0,4,17,0.0121,0.9965
cifar,60000,0,4,18,0.0129,0.9958
cifar,60000,0,4,19,0.0099,0.9972
cifar,60000,0,4,20,0.0084,0.9978
cifar,60000,0,5,1,1.1132,0.4925
cifar,60000,0,5,2,0.8547,0.5945
cifar,60000,0,5,3,0.6293,0.7108
cifar,60000,0,5,4,0.3615,0.8725
cifar,60000,0,5,5,0.25,0.9103
cifar,60000,0,5,6,0.2019,0.932
cifar,60000,0,5,7,0.1664,0.9445
cifar,60000,0,5,8,0.1456,0.9555
cifar,60000,0,5,9,0.1327,0.962
cifar,60000,0,5,10,0.1145,0.9642
cifar,60000,0,5,11,0.1127,0.9668
cifar,60000,0,5,12,0.1086,0.9677
cifar,60000,0,5,13,0.094,0.968
cifar,60000,0,5,14,0.164,0.9235
cifar,60000,0,5,15,0.1019,0.9587
cifar,60000,0,5,16,0.0785,0.9763
cifar,60000,0,5,17,0.1224,0.9475
cifar,60000,0,5,18,0.0751,0.9773
cifar,60000,0,5,19,0.0909,0.9703
cifar,60000,0,5,20,0.0641,0.9827
cifar,60000,1,2,1,0.0234,0.9935
cifar,60000,1,2,2,0.0129,0.9955
cifar,60000,1,2,3,0.0107,0.996
cifar,60000,1,2,4,0.0117,0.997
cifar,60000,1,2,5,0.005,0.998
cifar,60000,1,2,6,0.0034,0.9992
cifar,60000,1,2,7,0.0036,0.999
cifar,60000,1,2,8,0.0032,0.9988
cifar,60000,1,2,9,0.0042,0.9987
cifar,60000,1,2,10,0.0038,0.9992
cifar,60000,1,2,11,1.80E-03,0.9997
cifar,60000,1,2,12,1.90E-03,0.9995
cifar,60000,1,2,13,0.0013,0.9997
cifar,60000,1,2,14,1.30E-03,0.9997
cifar,60000,1,2,15,9.91E-04,0.9997
cifar,60000,1,2,16,0.0018,0.9997
cifar,60000,1,2,17,1.40E-03,0.9995
cifar,60000,1,2,18,5.10E-04,0.9997
cifar,60000,1,2,19,5.59E-04,0.9998
cifar,60000,1,2,20,0.0025,0.9995
cifar,60000,1,3,1,0.3912,0.8375
cifar,60000,1,3,2,0.115,0.9632
cifar,60000,1,3,3,0.0453,0.9843
cifar,60000,1,3,4,0.0369,0.9867
cifar,60000,1,3,5,0.0148,0.9953
cifar,60000,1,3,6,0.01,0.9972
cifar,60000,1,3,7,0.006,0.9983
cifar,60000,1,3,8,0.0055,0.9987
cifar,60000,1,3,9,0.0047,0.9987
cifar,60000,1,3,10,0.0052,0.9977
cifar,60000,1,3,11,0.0035,0.9987
cifar,60000,1,3,12,0.0032,0.9982
cifar,60000,1,3,13,0.0021,0.9993
cifar,60000,1,3,14,0.0032,0.999
cifar,60000,1,3,15,0.0024,0.999
cifar,60000,1,3,16,0.004,0.9982
cifar,60000,1,3,17,0.0015,0.9993
cifar,60000,1,3,18,0.0044,0.999
cifar,60000,1,3,19,0.0019,0.9992
cifar,60000,1,3,20,0.002,0.9992
cifar,60000,1,4,1,0.8412,0.6052
cifar,60000,1,4,2,0.609,0.7193
cifar,60000,1,4,3,0.4273,0.8188
cifar,60000,1,4,4,0.2872,0.8912
cifar,60000,1,4,5,0.1285,0.961
cifar,60000,1,4,6,0.0946,0.9695
cifar,60000,1,4,7,0.057,0.9842
cifar,60000,1,4,8,0.048,0.9843
cifar,60000,1,4,9,0.0326,0.9905
cifar,60000,1,4,10,0.023,0.9937
cifar,60000,1,4,11,0.0195,0.9935
cifar,60000,1,4,12,0.0181,0.9943
cifar,60000,1,4,13,0.0146,0.9957
cifar,60000,1,4,14,0.0114,0.9962
cifar,60000,1,4,15,0.0129,0.995
cifar,60000,1,4,16,0.0083,0.998
cifar,60000,1,4,17,0.0209,0.9928
cifar,60000,1,4,18,0.0079,0.9977
cifar,60000,1,4,19,0.0097,0.9972
cifar,60000,1,4,20,0.0067,0.9978
cifar,60000,1,5,1,1.1242,0.4863
cifar,60000,1,5,2,0.8578,0.6017
cifar,60000,1,5,3,0.5714,0.7763
cifar,60000,1,5,4,0.3437,0.8727
cifar,60000,1,5,5,0.2731,0.883
cifar,60000,1,5,6,0.1725,0.9442
cifar,60000,1,5,7,0.1161,0.962
cifar,60000,1,5,8,0.0806,0.9758
cifar,60000,1,5,9,0.0812,0.9713
cifar,60000,1,5,10,0.0587,0.981
cifar,60000,1,5,11,0.0378,0.9898
cifar,60000,1,5,12,0.035,0.99
cifar,60000,1,5,13,0.027,0.9922
cifar,60000,1,5,14,0.024,0.9938
cifar,60000,1,5,15,0.0213,0.9942
cifar,60000,1,5,16,0.0259,0.9927
cifar,60000,1,5,17,0.0174,0.9963
cifar,60000,1,5,18,0.0145,0.9957
cifar,60000,1,5,19,0.0183,0.9945
cifar,60000,1,5,20,0.0112,0.9967
cifar,60000,2,2,1,0.0095,0.9973
cifar,60000,2,2,2,0.0015,0.9995
cifar,60000,2,2,3,0.0017,0.999
cifar,60000,2,2,4,7.69E-04,0.9998
cifar,60000,2,2,5,7.57E-04,0.9997
cifar,60000,2,2,6,0.0012,0.9997
cifar,60000,2,2,7,0.0018,0.9995
cifar,60000,2,2,8,7.09E-04,0.9997
cifar,60000,2,2,9,4.94E-04,0.9997
cifar,60000,2,2,10,6.51E-04,0.9997
cifar,60000,2,2,11,6.04E-04,0.9997
cifar,60000,2,2,12,1.60E-03,0.9995
cifar,60000,2,2,13,6.96E-05,1
cifar,60000,2,2,14,2.35E-04,0.9998
cifar,60000,2,2,15,1.16E-04,1
cifar,60000,2,2,16,7.04E-05,1
cifar,60000,2,2,17,1.73E-05,1
cifar,60000,2,2,18,1.70E-03,0.9997
cifar,60000,2,2,19,5.27E-05,1
cifar,60000,2,2,20,1.57E-04,1
cifar,60000,2,3,1,0.3982,0.8258
cifar,60000,2,3,2,0.1145,0.9625
cifar,60000,2,3,3,0.0235,0.9943
cifar,60000,2,3,4,0.0125,0.9963
cifar,60000,2,3,5,0.008,0.9978
cifar,60000,2,3,6,0.0055,0.9985
cifar,60000,2,3,7,0.0077,0.9985
cifar,60000,2,3,8,0.0054,0.9978
cifar,60000,2,3,9,0.0022,0.9993
cifar,60000,2,3,10,0.0011,0.9997
cifar,60000,2,3,11,0.0013,0.9995
cifar,60000,2,3,12,0.0031,0.9987
cifar,60000,2,3,13,8.69E-04,0.9997
cifar,60000,2,3,14,9.71E-04,0.9997
cifar,60000,2,3,15,0.0016,0.9997
cifar,60000,2,3,16,8.41E-04,0.9997
cifar,60000,2,3,17,7.64E-04,0.9997
cifar,60000,2,3,18,0.0013,0.9997
cifar,60000,2,3,19,0.0011,0.9995
cifar,60000,2,3,20,0.0027,0.9987
cifar,60000,2,4,1,0.6491,0.7105
cifar,60000,2,4,2,0.3739,0.858
cifar,60000,2,4,3,0.1616,0.9562
cifar,60000,2,4,4,0.1796,0.9187
cifar,60000,2,4,5,0.0522,0.9895
cifar,60000,2,4,6,0.0314,0.994
cifar,60000,2,4,7,0.0251,0.9942
cifar,60000,2,4,8,0.0153,0.9968
cifar,60000,2,4,9,0.0125,0.9985
cifar,60000,2,4,10,0.009,0.9988
cifar,60000,2,4,11,0.011,0.9987
cifar,60000,2,4,12,0.0058,0.9988
cifar,60000,2,4,13,0.0066,0.9993
cifar,60000,2,4,14,0.0033,0.9992
cifar,60000,2,4,15,0.0073,0.999
cifar,60000,2,4,16,0.0041,0.9995
cifar,60000,2,4,17,0.0025,0.9995
cifar,60000,2,4,18,0.0036,0.9988
cifar,60000,2,4,19,0.0049,0.9985
cifar,60000,2,4,20,0.0033,0.9983
cifar,60000,2,5,1,1.1258,0.4862
cifar,60000,2,5,2,0.8267,0.627
cifar,60000,2,5,3,0.5018,0.8253
cifar,60000,2,5,4,0.3402,0.8577
cifar,60000,2,5,5,0.1966,0.9422
cifar,60000,2,5,6,0.1114,0.971
cifar,60000,2,5,7,0.1363,0.9492
cifar,60000,2,5,8,0.0523,0.9862
cifar,60000,2,5,9,0.0391,0.9903
cifar,60000,2,5,10,0.0316,0.9903
cifar,60000,2,5,11,0.0251,0.9935
cifar,60000,2,5,12,0.0225,0.9937
cifar,60000,2,5,13,0.0196,0.994
cifar,60000,2,5,14,0.0171,0.9962
cifar,60000,2,5,15,0.0143,0.996
cifar,60000,2,5,16,0.0128,0.9963
cifar,60000,2,5,17,0.0109,0.997
cifar,60000,2,5,18,0.0095,0.9975
cifar,60000,2,5,19,0.0138,0.9957
cifar,60000,2,5,20,0.0081,0.9978
cifar,80000,0,2,1,0.0041,0.9994
cifar,80000,0,2,2,4.81E-04,0.9999
cifar,80000,0,2,3,9.60E-04,0.9996
cifar,80000,0,2,4,0.0073,0.9987
cifar,80000,0,2,5,1.82E-04,1
cifar,80000,0,2,6,2.13E-05,1
cifar,80000,0,2,7,3.18E-04,0.9999
cifar,80000,0,2,8,1.14E-04,1
cifar,80000,0,2,9,5.43E-05,1
cifar,80000,0,2,10,1.87E-05,1
cifar,80000,0,2,11,3.75E-05,1
cifar,80000,0,2,12,1.58E-05,1
cifar,80000,0,2,13,5.74E-04,0.9999
cifar,80000,0,2,14,5.79E-05,1
cifar,80000,0,2,15,9.13E-05,1
cifar,80000,0,2,16,4.86E-05,1
cifar,80000,0,2,17,1.42E-04,0.9999
cifar,80000,0,2,18,2.21E-05,1
cifar,80000,0,2,19,0.0015,0.9996
cifar,80000,0,2,20,2.30E-05,1
cifar,80000,0,3,1,0.3369,0.855
cifar,80000,0,3,2,0.0756,0.9775
cifar,80000,0,3,3,0.0222,0.9946
cifar,80000,0,3,4,0.0161,0.9949
cifar,80000,0,3,5,0.0136,0.9969
cifar,80000,0,3,6,0.0056,0.9987
cifar,80000,0,3,7,0.0084,0.9973
cifar,80000,0,3,8,0.0045,0.9989
cifar,80000,0,3,9,0.0031,0.9991
cifar,80000,0,3,10,0.0023,0.9994
cifar,80000,0,3,11,0.0033,0.9992
cifar,80000,0,3,12,0.0026,0.9995
cifar,80000,0,3,13,0.0014,0.9996
cifar,80000,0,3,14,0.0025,0.9994
cifar,80000,0,3,15,0.0042,0.9989
cifar,80000,0,3,16,0.0114,0.9971
cifar,80000,0,3,17,0.0026,0.9995
cifar,80000,0,3,18,0.0013,0.9998
cifar,80000,0,3,19,0.1381,0.9794
cifar,80000,0,3,20,0.0021,0.9996
cifar,80000,0,4,1,0.7112,0.6555
cifar,80000,0,4,2,0.3268,0.8809
cifar,80000,0,4,3,0.1403,0.9626
cifar,80000,0,4,4,0.0597,0.984
cifar,80000,0,4,5,0.0354,0.9906
cifar,80000,0,4,6,0.0297,0.991
cifar,80000,0,4,7,0.025,0.9937
cifar,80000,0,4,8,0.0199,0.9935
cifar,80000,0,4,9,0.0134,0.9965
cifar,80000,0,4,10,0.0288,0.9893
cifar,80000,0,4,11,0.0104,0.9966
cifar,80000,0,4,12,0.0112,0.9975
cifar,80000,0,4,13,0.0115,0.9962
cifar,80000,0,4,14,0.0108,0.9973
cifar,80000,0,4,15,0.0259,0.9925
cifar,80000,0,4,16,0.0067,0.9985
cifar,80000,0,4,17,0.0079,0.9974
cifar,80000,0,4,18,0.0051,0.9983
cifar,80000,0,4,19,0.005,0.9986
cifar,80000,0,4,20,0.0057,0.9983
cifar,80000,0,5,1,1.0559,0.5001
cifar,80000,0,5,2,0.8393,0.5794
cifar,80000,0,5,3,0.3404,0.8956
cifar,80000,0,5,4,0.2802,0.8905
cifar,80000,0,5,5,0.1911,0.9324
cifar,80000,0,5,6,0.1533,0.95
cifar,80000,0,5,7,0.132,0.9551
cifar,80000,0,5,8,0.114,0.9634
cifar,80000,0,5,9,0.1839,0.9141
cifar,80000,0,5,10,0.1189,0.9532
cifar,80000,0,5,11,0.0972,0.9679
cifar,80000,0,5,12,0.082,0.9734
cifar,80000,0,5,13,0.0738,0.9776
cifar,80000,0,5,14,0.0643,0.981
cifar,80000,0,5,15,0.0684,0.977
cifar,80000,0,5,16,0.0594,0.9826
cifar,80000,0,5,17,0.0611,0.9822
cifar,80000,0,5,18,0.0487,0.986
cifar,80000,0,5,19,0.044,0.9874
cifar,80000,0,5,20,0.0446,0.9864
cifar,80000,1,2,1,0.0238,0.993
cifar,80000,1,2,2,0.0092,0.9961
cifar,80000,1,2,3,0.0058,0.9981
cifar,80000,1,2,4,0.0024,0.9991
cifar,80000,1,2,5,0.0029,0.9991
cifar,80000,1,2,6,9.44E-04,0.9995
cifar,80000,1,2,7,0.0027,0.9987
cifar,80000,1,2,8,2.48E-04,1
cifar,80000,1,2,9,3.54E-04,0.9999
cifar,80000,1,2,10,2.35E-04,1
cifar,80000,1,2,11,3.20E-03,0.9991
cifar,80000,1,2,12,2.25E-04,1
cifar,80000,1,2,13,1.83E-04,0.9999
cifar,80000,1,2,14,3.71E-05,1
cifar,80000,1,2,15,1.36E-05,1
cifar,80000,1,2,16,9.94E-06,1
cifar,80000,1,2,17,4.02E-05,1
cifar,80000,1,2,18,6.09E-07,1
cifar,80000,1,2,19,9.74E-04,0.9998
cifar,80000,1,2,20,5.72E-04,0.9998
cifar,80000,1,3,1,0.357,0.8482
cifar,80000,1,3,2,0.0738,0.979
cifar,80000,1,3,3,0.0258,0.992
cifar,80000,1,3,4,0.0113,0.9964
cifar,80000,1,3,5,0.0058,0.9984
cifar,80000,1,3,6,0.0042,0.9986
cifar,80000,1,3,7,0.0029,0.999
cifar,80000,1,3,8,0.0027,0.9991
cifar,80000,1,3,9,0.004,0.9986
cifar,80000,1,3,10,0.0024,0.9992
cifar,80000,1,3,11,0.002,0.9989
cifar,80000,1,3,12,0.0017,0.9992
cifar,80000,1,3,13,7.43E-04,0.9998
cifar,80000,1,3,14,9.26E-04,0.9996
cifar,80000,1,3,15,8.54E-04,0.9995
cifar,80000,1,3,16,6.22E-04,0.9996
cifar,80000,1,3,17,0.0017,0.9994
cifar,80000,1,3,18,8.48E-04,0.9995
cifar,80000,1,3,19,0.0011,0.9994
cifar,80000,1,3,20,7.31E-04,0.9996
cifar,80000,1,4,1,0.7438,0.6485
cifar,80000,1,4,2,0.4592,0.7985
cifar,80000,1,4,3,0.2178,0.9294
cifar,80000,1,4,4,0.1139,0.9631
cifar,80000,1,4,5,0.0559,0.9852
cifar,80000,1,4,6,0.0352,0.991
cifar,80000,1,4,7,0.0332,0.9894
cifar,80000,1,4,8,0.0362,0.9896
cifar,80000,1,4,9,0.0142,0.9961
cifar,80000,1,4,10,0.02,0.9927
cifar,80000,1,4,11,0.0238,0.9924
cifar,80000,1,4,12,0.0098,0.9965
cifar,80000,1,4,13,0.0079,0.9974
cifar,80000,1,4,14,0.0089,0.9975
cifar,80000,1,4,15,0.0069,0.9981
cifar,80000,1,4,16,0.0059,0.9981
cifar,80000,1,4,17,0.0328,0.9894
cifar,80000,1,4,18,0.0045,0.9986
cifar,80000,1,4,19,0.0066,0.9977
cifar,80000,1,4,20,0.0048,0.9986
cifar,80000,1,5,1,1.0721,0.5005
cifar,80000,1,5,2,0.7693,0.6594
cifar,80000,1,5,3,0.5034,0.7703
cifar,80000,1,5,4,0.2637,0.9181
cifar,80000,1,5,5,0.1825,0.9359
cifar,80000,1,5,6,0.1288,0.9629
cifar,80000,1,5,7,0.1458,0.9506
cifar,80000,1,5,8,0.0944,0.9647
cifar,80000,1,5,9,0.0776,0.9722
cifar,80000,1,5,10,0.0656,0.9799
cifar,80000,1,5,11,0.0625,0.9814
cifar,80000,1,5,12,0.045,0.9901
cifar,80000,1,5,13,0.0439,0.989
cifar,80000,1,5,14,0.04,0.9896
cifar,80000,1,5,15,0.0458,0.9872
cifar,80000,1,5,16,0.0443,0.9872
cifar,80000,1,5,17,0.0355,0.989
cifar,80000,1,5,18,0.049,0.9866
cifar,80000,1,5,19,0.0358,0.9906
cifar,80000,1,5,20,0.0294,0.9914
cifar,80000,2,2,1,0.0043,0.9989
cifar,80000,2,2,2,0.0013,0.9994
cifar,80000,2,2,3,0.0021,0.9992
cifar,80000,2,2,4,0.0014,0.9998
cifar,80000,2,2,5,0.0022,0.9995
cifar,80000,2,2,6,8.82E-04,0.9999
cifar,80000,2,2,7,7.36E-04,0.9999
cifar,80000,2,2,8,3.07E-04,0.9999
cifar,80000,2,2,9,5.77E-04,0.9999
cifar,80000,2,2,10,4.88E-05,1
cifar,80000,2,2,11,9.43E-04,0.9999
cifar,80000,2,2,12,1.10E-03,0.9999
cifar,80000,2,2,13,3.00E-04,0.9999
cifar,80000,2,2,14,6.65E-05,1
cifar,80000,2,2,15,8.92E-04,0.9999
cifar,80000,2,2,16,9.92E-04,0.9999
cifar,80000,2,2,17,2.74E-04,0.9999
cifar,80000,2,2,18,4.59E-04,0.9999
cifar,80000,2,2,19,1.19E-04,0.9999
cifar,80000,2,2,20,2.15E-04,0.9999
cifar,80000,2,3,1,0.2089,0.913
cifar,80000,2,3,2,0.0428,0.9886
cifar,80000,2,3,3,0.0131,0.9966
cifar,80000,2,3,4,0.0095,0.9973
cifar,80000,2,3,5,0.0061,0.998
cifar,80000,2,3,6,0.0044,0.9986
cifar,80000,2,3,7,0.0067,0.9984
cifar,80000,2,3,8,0.0035,0.9987
cifar,80000,2,3,9,0.0039,0.9989
cifar,80000,2,3,10,0.0026,0.9991
cifar,80000,2,3,11,0.0024,0.999
cifar,80000,2,3,12,0.0044,0.9983
cifar,80000,2,3,13,0.0023,0.9992
cifar,80000,2,3,14,0.0018,0.9992
cifar,80000,2,3,15,0.002,0.9994
cifar,80000,2,3,16,0.0019,0.9994
cifar,80000,2,3,17,0.0026,0.9989
cifar,80000,2,3,18,0.0014,0.9996
cifar,80000,2,3,19,0.0023,0.999
cifar,80000,2,3,20,0.003,0.9991
cifar,80000,2,4,1,0.6591,0.6931
cifar,80000,2,4,2,0.3243,0.8709
cifar,80000,2,4,3,0.1407,0.9572
cifar,80000,2,4,4,0.0557,0.9887
cifar,80000,2,4,5,0.0305,0.9942
cifar,80000,2,4,6,0.0255,0.9935
cifar,80000,2,4,7,0.0291,0.9916
cifar,80000,2,4,8,0.0134,0.997
cifar,80000,2,4,9,0.0125,0.9979
cifar,80000,2,4,10,0.0122,0.9974
cifar,80000,2,4,11,0.008,0.9983
cifar,80000,2,4,12,0.0086,0.9981
cifar,80000,2,4,13,0.0085,0.9976
cifar,80000,2,4,14,0.0082,0.998
cifar,80000,2,4,15,0.0061,0.998
cifar,80000,2,4,16,0.0047,0.9987
cifar,80000,2,4,17,0.0048,0.9987
cifar,80000,2,4,18,0.0058,0.9989
cifar,80000,2,4,19,0.0061,0.9984
cifar,80000,2,4,20,0.0045,0.9987
cifar,80000,2,5,1,0.9739,0.5479
cifar,80000,2,5,2,0.5414,0.8044
cifar,80000,2,5,3,0.409,0.8255
cifar,80000,2,5,4,0.2987,0.8851
cifar,80000,2,5,5,0.2082,0.9265
cifar,80000,2,5,6,0.112,0.9656
cifar,80000,2,5,7,0.0854,0.9721
cifar,80000,2,5,8,0.0593,0.9827
cifar,80000,2,5,9,0.0627,0.9801
cifar,80000,2,5,10,0.0878,0.9705
cifar,80000,2,5,11,0.0318,0.9891
cifar,80000,2,5,12,0.0317,0.9889
cifar,80000,2,5,13,0.0334,0.9894
cifar,80000,2,5,14,0.0218,0.9946
cifar,80000,2,5,15,0.0185,0.9941
cifar,80000,2,5,16,0.0152,0.9959
cifar,80000,2,5,17,0.0135,0.9956
cifar,80000,2,5,18,0.0246,0.9916
cifar,80000,2,5,19,0.011,0.9971
cifar,80000,2,5,20,0.0105,0.9975
cifar,100000,0,2,1,0.0039,0.9992
cifar,100000,0,2,2,3.16E-04,0.9999
cifar,100000,0,2,3,0.0012,0.9995
cifar,100000,0,2,4,3.94E-04,0.9999
cifar,100000,0,2,5,8.17E-05,1
cifar,100000,0,2,6,2.77E-04,0.9999
cifar,100000,0,2,7,2.84E-04,0.9999
cifar,100000,0,2,8,6.95E-05,1
cifar,100000,0,2,9,0.0013,0.9996
cifar,100000,0,2,10,1.86E-04,0.9999
cifar,100000,0,2,11,1.40E-03,0.9994
cifar,100000,0,2,12,3.77E-05,1
cifar,100000,0,2,13,2.24E-04,0.9999
cifar,100000,0,2,14,4.00E-03,0.9994
cifar,100000,0,2,15,2.20E-03,0.9998
cifar,100000,0,2,16,7.69E-04,0.9998
cifar,100000,0,2,17,2.20E-06,1
cifar,100000,0,2,18,1.22E-04,1
cifar,100000,0,2,19,4.25E-07,1
cifar,100000,0,2,20,3.05E-06,1
cifar,100000,0,3,1,0.2875,0.8822
cifar,100000,0,3,2,0.0457,0.9856
cifar,100000,0,3,3,0.0363,0.9879
cifar,100000,0,3,4,0.0071,0.9974
cifar,100000,0,3,5,0.0038,0.9989
cifar,100000,0,3,6,0.0129,0.9956
cifar,100000,0,3,7,0.003,0.9991
cifar,100000,0,3,8,0.0015,0.9997
cifar,100000,0,3,9,0.002,0.9995
cifar,100000,0,3,10,0.0011,0.9997
cifar,100000,0,3,11,8.63E-04,0.9996
cifar,100000,0,3,12,7.71E-04,0.9998
cifar,100000,0,3,13,3.24E-04,1
cifar,100000,0,3,14,0.0018,0.9992
cifar,100000,0,3,15,7.91E-04,0.9998
cifar,100000,0,3,16,0.0022,0.9996
cifar,100000,0,3,17,7.28E-04,0.9998
cifar,100000,0,3,18,4.40E-04,1
cifar,100000,0,3,19,4.51E-04,0.9999
cifar,100000,0,3,20,5.25E-04,0.9998
cifar,100000,0,4,1,0.7191,0.6535
cifar,100000,0,4,2,0.2627,0.9181
cifar,100000,0,4,3,0.1036,0.9769
cifar,100000,0,4,4,0.0659,0.9792
cifar,100000,0,4,5,0.0507,0.9846
cifar,100000,0,4,6,0.0504,0.9807
cifar,100000,0,4,7,0.0236,0.9934
cifar,100000,0,4,8,0.0194,0.9941
cifar,100000,0,4,9,0.0204,0.9942
cifar,100000,0,4,10,0.0236,0.9934
cifar,100000,0,4,11,0.0216,0.9928
cifar,100000,0,4,12,0.0103,0.9968
cifar,100000,0,4,13,0.0092,0.9973
cifar,100000,0,4,14,0.0072,0.9981
cifar,100000,0,4,15,0.0053,0.9984
cifar,100000,0,4,16,0.0078,0.9979
cifar,100000,0,4,17,0.0043,0.9984
cifar,100000,0,4,18,0.0058,0.9984
cifar,100000,0,4,19,0.0058,0.9986
cifar,100000,0,4,20,0.0064,0.9987
cifar,100000,0,5,1,0.8794,0.6032
cifar,100000,0,5,2,0.4627,0.8084
cifar,100000,0,5,3,0.2423,0.9101
cifar,100000,0,5,4,0.1851,0.926
cifar,100000,0,5,5,0.102,0.9699
cifar,100000,0,5,6,0.0859,0.9751
cifar,100000,0,5,7,0.0666,0.9795
cifar,100000,0,5,8,0.0535,0.9845
cifar,100000,0,5,9,0.0644,0.9792
cifar,100000,0,5,10,0.047,0.9846
cifar,100000,0,5,11,0.0403,0.9879
cifar,100000,0,5,12,0.0541,0.98
cifar,100000,0,5,13,0.0282,0.9916
cifar,100000,0,5,14,0.0248,0.9935
cifar,100000,0,5,15,0.0313,0.9903
cifar,100000,0,5,16,0.0187,0.9947
cifar,100000,0,5,17,0.0212,0.9949
cifar,100000,0,5,18,0.0202,0.9948
cifar,100000,0,5,19,0.0174,0.9952
cifar,100000,0,5,20,0.0156,0.9955
cifar,100000,1,2,1,0.0161,0.9932
cifar,100000,1,2,2,0.0059,0.998
cifar,100000,1,2,3,0.0039,0.9988
cifar,100000,1,2,4,0.0017,0.9996
cifar,100000,1,2,5,8.91E-04,0.9997
cifar,100000,1,2,6,7.90E-04,0.9996
cifar,100000,1,2,7,3.27E-04,0.9999
cifar,100000,1,2,8,8.15E-04,1
cifar,100000,1,2,9,0.0011,0.9994
cifar,100000,1,2,10,3.34E-04,0.9999
cifar,100000,1,2,11,8.75E-05,1
cifar,100000,1,2,12,6.78E-04,0.9995
cifar,100000,1,2,13,1.71E-04,1
cifar,100000,1,2,14,6.16E-04,0.9997
cifar,100000,1,2,15,3.89E-06,1
cifar,100000,1,2,16,4.96E-04,0.9997
cifar,100000,1,2,17,2.04E-05,1
cifar,100000,1,2,18,2.03E-05,1
cifar,100000,1,2,19,1.63E-05,1
cifar,100000,1,2,20,1.17E-05,1
cifar,100000,1,3,1,0.3532,0.8463
cifar,100000,1,3,2,0.1117,0.9658
cifar,100000,1,3,3,0.0437,0.9852
cifar,100000,1,3,4,0.022,0.9938
cifar,100000,1,3,5,0.0151,0.9949
cifar,100000,1,3,6,0.0088,0.9977
cifar,100000,1,3,7,0.0107,0.9965
cifar,100000,1,3,8,0.0037,0.9987
cifar,100000,1,3,9,0.0235,0.9936
cifar,100000,1,3,10,0.002,0.9992
cifar,100000,1,3,11,0.0026,0.9997
cifar,100000,1,3,12,0.002,0.9994
cifar,100000,1,3,13,0.0023,0.9991
cifar,100000,1,3,14,0.0017,0.9993
cifar,100000,1,3,15,0.0011,0.9995
cifar,100000,1,3,16,0.0014,0.9996
cifar,100000,1,3,17,8.57E-04,0.9999
cifar,100000,1,3,18,8.37E-04,0.9998
cifar,100000,1,3,19,0.0012,0.9995
cifar,100000,1,3,20,0.0013,0.9997
cifar,100000,1,4,1,0.7243,0.6425
cifar,100000,1,4,2,0.3511,0.8626
cifar,100000,1,4,3,0.1162,0.9694
cifar,100000,1,4,4,0.0534,0.9854
cifar,100000,1,4,5,0.0332,0.9914
cifar,100000,1,4,6,0.0237,0.9924
cifar,100000,1,4,7,0.0205,0.9931
cifar,100000,1,4,8,0.0133,0.9959
cifar,100000,1,4,9,0.0079,0.9975
cifar,100000,1,4,10,0.0084,0.9975
cifar,100000,1,4,11,0.0082,0.9975
cifar,100000,1,4,12,0.004,0.9988
cifar,100000,1,4,13,0.0073,0.9976
cifar,100000,1,4,14,0.0069,0.9974
cifar,100000,1,4,15,0.0029,0.9991
cifar,100000,1,4,16,0.0066,0.9975
cifar,100000,1,4,17,0.0054,0.9979
cifar,100000,1,4,18,0.0062,0.9972
cifar,100000,1,4,19,0.0029,0.9993
cifar,100000,1,4,20,0.0031,0.9991
cifar,100000,1,5,1,0.9518,0.5598
cifar,100000,1,5,2,0.5722,0.7789
cifar,100000,1,5,3,0.2751,0.9107
cifar,100000,1,5,4,0.1854,0.9338
cifar,100000,1,5,5,0.2698,0.8711
cifar,100000,1,5,6,0.1127,0.9599
cifar,100000,1,5,7,0.0792,0.9733
cifar,100000,1,5,8,0.0607,0.9819
cifar,100000,1,5,9,0.045,0.9874
cifar,100000,1,5,10,0.0361,0.9895
cifar,100000,1,5,11,0.0338,0.9892
cifar,100000,1,5,12,0.0293,0.9924
cifar,100000,1,5,13,0.0362,0.9898
cifar,100000,1,5,14,0.0261,0.9928
cifar,100000,1,5,15,0.0196,0.9944
cifar,100000,1,5,16,0.0211,0.9935
cifar,100000,1,5,17,0.0236,0.9923
cifar,100000,1,5,18,0.0164,0.9967
cifar,100000,1,5,19,0.0223,0.9926
cifar,100000,1,5,20,0.0158,0.9955
cifar,100000,2,2,1,0.0027,0.9994
cifar,100000,2,2,2,0.0012,0.9995
cifar,100000,2,2,3,7.86E-04,0.9997
cifar,100000,2,2,4,7.14E-04,0.9995
cifar,100000,2,2,5,3.99E-04,0.9999
cifar,100000,2,2,6,9.92E-04,0.9997
cifar,100000,2,2,7,0.001,0.9999
cifar,100000,2,2,8,9.21E-04,0.9999
cifar,100000,2,2,9,0.0012,0.9997
cifar,100000,2,2,10,0.0015,0.9998
cifar,100000,2,2,11,1.70E-03,0.9999
cifar,100000,2,2,12,1.20E-03,0.9999
cifar,100000,2,2,13,1.20E-04,1
cifar,100000,2,2,14,1.30E-03,0.9996
cifar,100000,2,2,15,9.76E-04,0.9999
cifar,100000,2,2,16,5.84E-04,0.9999
cifar,100000,2,2,17,1.40E-03,0.9997
cifar,100000,2,2,18,4.71E-04,0.9999
cifar,100000,2,2,19,0.0014,0.9999
cifar,100000,2,2,20,0.0017,0.9998
cifar,100000,2,3,1,0.1721,0.9425
cifar,100000,2,3,2,0.0279,0.9927
cifar,100000,2,3,3,0.0165,0.9953
cifar,100000,2,3,4,0.0139,0.9963
cifar,100000,2,3,5,0.0065,0.9982
cifar,100000,2,3,6,0.0076,0.9983
cifar,100000,2,3,7,0.0107,0.9983
cifar,100000,2,3,8,0.0032,0.9991
cifar,100000,2,3,9,0.0283,0.9983
cifar,100000,2,3,10,0.0058,0.999
cifar,100000,2,3,11,0.005,0.9992
cifar,100000,2,3,12,0.0021,0.9992
cifar,100000,2,3,13,0.0026,0.999
cifar,100000,2,3,14,0.0033,0.999
cifar,100000,2,3,15,0.0022,0.9989
cifar,100000,2,3,16,0.0023,0.9991
cifar,100000,2,3,17,0.0034,0.9993
cifar,100000,2,3,18,0.0017,0.9994
cifar,100000,2,3,19,0.004,0.9993
cifar,100000,2,3,20,0.0029,0.9993
cifar,100000,2,4,1,0.4716,0.7944
cifar,100000,2,4,2,0.1686,0.9385
cifar,100000,2,4,3,0.0323,0.9938
cifar,100000,2,4,4,0.0209,0.995
cifar,100000,2,4,5,0.0135,0.9969
cifar,100000,2,4,6,0.0086,0.9982
cifar,100000,2,4,7,0.007,0.9986
cifar,100000,2,4,8,0.0055,0.9988
cifar,100000,2,4,9,0.004,0.9992
cifar,100000,2,4,10,0.0043,0.9991
cifar,100000,2,4,11,0.0035,0.9993
cifar,100000,2,4,12,0.0046,0.9986
cifar,100000,2,4,13,0.0029,0.9993
cifar,100000,2,4,14,0.0034,0.9991
cifar,100000,2,4,15,0.0024,0.9993
cifar,100000,2,4,16,0.0025,0.9992
cifar,100000,2,4,17,0.0039,0.9993
cifar,100000,2,4,18,0.0029,0.9996
cifar,100000,2,4,19,0.0056,0.9979
cifar,100000,2,4,20,0.0023,0.9992
cifar,100000,2,5,1,0.8026,0.6455
cifar,100000,2,5,2,0.4686,0.7579
cifar,100000,2,5,3,0.1479,0.9582
cifar,100000,2,5,4,0.091,0.9712
cifar,100000,2,5,5,0.066,0.9796
cifar,100000,2,5,6,0.0391,0.9902
cifar,100000,2,5,7,0.0324,0.9915
cifar,100000,2,5,8,0.0261,0.9938
cifar,100000,2,5,9,0.0307,0.9914
cifar,100000,2,5,10,0.0193,0.9938
cifar,100000,2,5,11,0.0162,0.9959
cifar,100000,2,5,12,0.0139,0.9967
cifar,100000,2,5,13,0.0269,0.9928
cifar,100000,2,5,14,0.0117,0.997
cifar,100000,2,5,15,0.0104,0.997
cifar,100000,2,5,16,0.0127,0.9964
cifar,100000,2,5,17,0.0114,0.997
cifar,100000,2,5,18,0.0088,0.9973
cifar,100000,2,5,19,0.0119,0.9969
cifar,100000,2,5,20,0.0088,0.9977